"ID","Name","League","LeagueId","Overall","Attack","Midfield","Defence","TransferBudget","DomesticPrestige","IntPrestige","Players","StartingAverageAge","AllTeamAverageAge","league_name","countries"
1,"Arsenal","English Premier League (1)",13,80,87,79,78,80000000,7,7,33,25.9,24.8,"English Premier League ","United Kingdom"
1,"Arsenal","English Premier League (1)",13,80,87,79,78,80000000,7,7,33,25.9,24.8,"English Premier League ","United Kingdom"
2,"Aston Villa","English Premier League (1)",13,76,76,77,75,37500000,2,2,31,24.4,24.8,"English Premier League ","United Kingdom"
2,"Aston Villa","English Premier League (1)",13,76,76,77,75,37500000,2,2,31,24.4,24.8,"English Premier League ","United Kingdom"
3,"Blackburn Rovers","English League Championship (2)",14,70,70,71,70,7500000,5,1,30,25.4,24.5,"English League Championship ","United Kingdom"
4,"Bolton Wanderers","English League Two (4)",61,62,64,63,61,500000,8,1,28,27.9,24.9,"English League One ","United Kingdom"
5,"Chelsea","English Premier League (1)",13,82,82,83,81,85000000,8,7,30,25.4,25.3,"English Premier League ","United Kingdom"
5,"Chelsea","English Premier League (1)",13,82,82,83,81,85000000,8,7,30,25.4,25.3,"English Premier League ","United Kingdom"
7,"Everton","English Premier League (1)",13,79,80,79,79,51000000,6,5,33,26.8,25,"English Premier League ","United Kingdom"
7,"Everton","English Premier League (1)",13,79,80,79,79,51000000,6,5,33,26.8,25,"English Premier League ","United Kingdom"
8,"Leeds United","English Premier League (1)",13,75,74,77,74,16500000,9,1,33,26,23.8,"English League Championship ","United Kingdom"
8,"Leeds United","English Premier League (1)",13,75,74,77,74,16500000,9,1,33,26,23.8,"English League Championship ","United Kingdom"
9,"Liverpool","English Premier League (1)",13,85,86,84,86,90000000,9,10,33,26.9,24.5,"English Premier League ","United Kingdom"
9,"Liverpool","English Premier League (1)",13,85,86,84,86,90000000,9,10,33,26.9,24.5,"English Premier League ","United Kingdom"
10,"Manchester City","English Premier League (1)",13,84,86,86,83,176000000,10,9,33,26.8,23.8,"English Premier League ","United Kingdom"
10,"Manchester City","English Premier League (1)",13,84,86,86,83,176000000,10,9,33,26.8,23.8,"English Premier League ","United Kingdom"
11,"Manchester United","English Premier League (1)",13,82,83,82,81,177000000,8,7,33,25.7,25.2,"English Premier League ","United Kingdom"
11,"Manchester United","English Premier League (1)",13,82,83,82,81,177000000,8,7,33,25.7,25.2,"English Premier League ","United Kingdom"
12,"Middlesbrough","English League Championship (2)",14,70,71,70,68,8800000,4,1,30,24.6,23.2,"English League Championship ","United Kingdom"
13,"Newcastle United","English Premier League (1)",13,77,79,76,75,30000000,4,3,33,26.2,25.9,"English Premier League ","United Kingdom"
13,"Newcastle United","English Premier League (1)",13,77,79,76,75,30000000,4,3,33,26.2,25.9,"English Premier League ","United Kingdom"
14,"Nottingham Forest","English League Championship (2)",14,71,71,71,71,16500000,8,1,30,26.6,26.8,"English League Championship ","United Kingdom"
15,"Queens Park Rangers","English League Championship (2)",14,68,68,69,68,3600000,3,1,30,25.2,23.5,"English League Championship ","United Kingdom"
17,"Southampton","English Premier League (1)",13,76,78,77,76,35000000,4,3,28,26.4,24.4,"English Premier League ","United Kingdom"
17,"Southampton","English Premier League (1)",13,76,78,77,76,35000000,4,3,28,26.4,24.4,"English Premier League ","United Kingdom"
18,"Tottenham Hotspur","English Premier League (1)",13,82,89,82,82,75000000,8,7,33,27.1,24.9,"English Premier League ","United Kingdom"
18,"Tottenham Hotspur","English Premier League (1)",13,82,89,82,82,75000000,8,7,33,27.1,24.9,"English Premier League ","United Kingdom"
19,"West Ham United","English Premier League (1)",13,78,79,78,77,35000000,4,4,33,27.4,25.5,"English Premier League ","United Kingdom"
19,"West Ham United","English Premier League (1)",13,78,79,78,77,35000000,4,4,33,27.4,25.5,"English Premier League ","United Kingdom"
21,"FC Bayern München","German 1. Bundesliga (1)",19,84,91,84,82,100000000,10,10,24,27.3,25.5,"German 1. Bundesliga ","Germany"
21,"FC Bayern München","German 1. Bundesliga (1)",19,84,91,84,82,100000000,10,10,24,27.3,25.5,"German 1. Bundesliga ","Germany"
22,"Borussia Dortmund","German 1. Bundesliga (1)",19,82,85,82,81,60000000,9,8,32,26.4,23.9,"German 1. Bundesliga ","Germany"
22,"Borussia Dortmund","German 1. Bundesliga (1)",19,82,85,82,81,60000000,9,8,32,26.4,23.9,"German 1. Bundesliga ","Germany"
23,"Borussia Mönchengladbach","German 1. Bundesliga (1)",19,79,79,79,79,25000000,7,5,33,26.1,24.8,"German 1. Bundesliga ","Germany"
23,"Borussia Mönchengladbach","German 1. Bundesliga (1)",19,79,79,79,79,25000000,7,5,33,26.1,24.8,"German 1. Bundesliga ","Germany"
25,"SC Freiburg","German 1. Bundesliga (1)",19,74,73,74,75,10500000,3,3,27,26.3,24.9,"German 1. Bundesliga ","Germany"
27,"FC Hansa Rostock","German 3. Bundesliga (3)",2076,65,65,64,65,650000,7,1,24,26,24.8,"German 3. Bundesliga ","Germany"
28,"Hamburger SV","German 2. Bundesliga (2)",20,72,71,70,69,18000000,9,3,28,26.2,24.6,"German 2. Bundesliga ","Germany"
28,"Hamburger SV","German 2. Bundesliga (2)",20,72,71,70,69,18000000,9,3,28,26.2,24.6,"German 2. Bundesliga ","Germany"
29,"1. FC Kaiserslautern","German 3. Bundesliga (3)",2076,65,67,65,65,750000,7,1,28,26.3,24.6,"German 3. Bundesliga ","Germany"
31,"1. FC Köln","German 1. Bundesliga (1)",19,74,74,73,72,12500000,4,3,31,24.4,24.3,"German 1. Bundesliga ","Germany"
32,"Bayer 04 Leverkusen","German 1. Bundesliga (1)",19,79,79,79,79,39000000,7,6,29,25.2,24.2,"German 1. Bundesliga ","Germany"
32,"Bayer 04 Leverkusen","German 1. Bundesliga (1)",19,79,79,79,79,39000000,7,6,29,25.2,24.2,"German 1. Bundesliga ","Germany"
33,"TSV 1860 München","German 3. Bundesliga (3)",2076,63,66,63,63,1000000,4,1,25,26.6,23,"German 3. Bundesliga ","Germany"
34,"FC Schalke 04","German 1. Bundesliga (1)",19,75,74,73,74,20000000,6,5,32,25.1,24.2,"German 1. Bundesliga ","Germany"
34,"FC Schalke 04","German 1. Bundesliga (1)",19,75,74,73,74,20000000,6,5,32,25.1,24.2,"German 1. Bundesliga ","Germany"
36,"VfB Stuttgart","German 1. Bundesliga (1)",19,72,75,72,72,20000000,3,4,33,24.6,23,"German 2. Bundesliga ","Germany"
38,"SV Werder Bremen","German 1. Bundesliga (1)",19,74,73,72,74,12000000,5,3,31,25.3,23.7,"German 1. Bundesliga ","Germany"
38,"SV Werder Bremen","German 1. Bundesliga (1)",19,74,73,72,74,12000000,5,3,31,25.3,23.7,"German 1. Bundesliga ","Germany"
39,"Atalanta","Italian Serie A (1)",31,79,82,79,77,28000000,6,3,30,28.4,25.5,"Italian Serie A ","Italy"
39,"Atalanta","Italian Serie A (1)",31,79,82,79,77,28000000,6,3,30,28.4,25.5,"Italian Serie A ","Italy"
44,"Inter","Italian Serie A (1)",31,82,83,82,81,99500000,9,7,26,26.6,27.8,"Italian Serie A ","Italy"
44,"Inter","Italian Serie A (1)",31,82,83,82,81,99500000,9,7,26,26.6,27.8,"Italian Serie A ","Italy"
45,"Juventus","Italian Serie A (1)",31,83,87,81,83,105000000,10,10,25,27.2,26.9,"Italian Serie A ","Italy"
45,"Juventus","Italian Serie A (1)",31,83,87,81,83,105000000,10,10,25,27.2,26.9,"Italian Serie A ","Italy"
46,"Lazio","Italian Serie A (1)",31,80,82,80,79,39000000,7,6,33,27.6,26.9,"Italian Serie A ","Italy"
47,"Milan","Italian Serie A (1)",31,79,84,77,78,37000000,7,7,27,25.3,24,"Italian Serie A ","Italy"
47,"Milan","Italian Serie A (1)",31,79,84,77,78,37000000,7,7,27,25.3,24,"Italian Serie A ","Italy"
48,"Napoli","Italian Serie A (1)",31,80,81,80,80,56000000,9,7,26,27,26.7,"Italian Serie A ","Italy"
48,"Napoli","Italian Serie A (1)",31,80,81,80,80,56000000,9,7,26,27,26.7,"Italian Serie A ","Italy"
50,"Parma","Italian Serie A (1)",31,74,75,75,72,8000000,4,2,32,30.6,26.3,"Italian Serie A ","Italy"
50,"Parma","Italian Serie A (1)",31,74,75,75,72,8000000,4,2,32,30.6,26.3,"Italian Serie A ","Italy"
52,"Roma","Italian Serie A (1)",31,78,80,78,75,46000000,8,7,28,28.3,26.1,"Italian Serie A ","Italy"
52,"Roma","Italian Serie A (1)",31,78,80,78,75,46000000,8,7,28,28.3,26.1,"Italian Serie A ","Italy"
54,"Torino","Italian Serie A (1)",31,76,78,75,75,15500000,5,4,33,27,24.9,"Italian Serie A ","Italy"
55,"Udinese","Italian Serie A (1)",31,74,74,75,72,8000000,4,3,32,27.4,26,"Italian Serie A ","Italy"
57,"AJ Auxerre","French Ligue 2 (2)",17,69,70,69,68,4200000,5,1,26,27.8,25.5,"French Ligue 2 ","France"
59,"FC Girondins de Bordeaux","French Ligue 1 (1)",16,74,73,73,74,10400000,6,3,27,27.3,25.1,"French Ligue 1 ","France"
62,"En Avant de Guingamp","French Ligue 2 (2)",17,70,70,69,69,5200000,9,1,30,26,25.8,"French Ligue 2 ","France"
64,"Racing Club de Lens","French Ligue 1 (1)",16,73,71,74,71,7800000,9,1,33,26.7,23.9,"French Ligue 2 ","France"
65,"LOSC Lille","French Ligue 1 (1)",16,77,77,77,75,14000000,7,4,31,24.9,23.1,"French Ligue 1 ","France"
65,"LOSC Lille","French Ligue 1 (1)",16,77,77,77,75,14000000,7,4,31,24.9,23.1,"French Ligue 1 ","France"
66,"Olympique Lyonnais","French Ligue 1 (1)",16,77,78,78,77,43900000,8,6,29,25.3,22.7,"French Ligue 1 ","France"
66,"Olympique Lyonnais","French Ligue 1 (1)",16,77,78,78,77,43900000,8,6,29,25.3,22.7,"French Ligue 1 ","France"
68,"FC Metz","French Ligue 1 (1)",16,72,71,72,71,5900000,1,1,30,26.1,24,"French Ligue 1 ","France"
69,"AS Monaco","French Ligue 1 (1)",16,77,80,75,75,34600000,8,6,30,24,23.1,"French Ligue 1 ","France"
69,"AS Monaco","French Ligue 1 (1)",16,77,80,75,75,34600000,8,6,30,24,23.1,"French Ligue 1 ","France"
70,"Montpellier HSC","French Ligue 1 (1)",16,74,76,76,73,8800000,6,2,27,27,25.7,"French Ligue 1 ","France"
71,"FC Nantes","French Ligue 1 (1)",16,74,70,74,75,8800000,5,2,33,25.2,24.2,"French Ligue 1 ","France"
72,"OGC Nice","French Ligue 1 (1)",16,75,76,76,72,10400000,7,3,26,23.8,22.7,"French Ligue 1 ","France"
73,"Paris Saint-Germain","French Ligue 1 (1)",16,83,84,82,81,130000000,10,9,29,26.8,25.1,"French Ligue 1 ","France"
73,"Paris Saint-Germain","French Ligue 1 (1)",16,83,84,82,81,130000000,10,9,29,26.8,25.1,"French Ligue 1 ","France"
74,"Stade Rennais FC","French Ligue 1 (1)",16,76,75,76,76,12200000,7,3,30,25.3,23.6,"French Ligue 1 ","France"
74,"Stade Rennais FC","French Ligue 1 (1)",16,76,75,76,76,12200000,7,3,30,25.3,23.6,"French Ligue 1 ","France"
76,"RC Strasbourg Alsace","French Ligue 1 (1)",16,74,74,74,74,8100000,4,1,28,24.9,25.3,"French Ligue 1 ","France"
77,"Aberdeen","Scottish Premiership (1)",50,68,67,68,67,2300000,7,2,28,26.2,25.4,"Scottish Premiership ","Scotland"
78,"Celtic","Scottish Premiership (1)",50,74,73,74,74,14600000,10,4,28,25.7,24.2,"Scottish Premiership ","Scotland"
81,"Hibernian","Scottish Premiership (1)",50,67,68,67,65,3000000,7,1,25,25.9,25.6,"Scottish Premiership ","Scotland"
82,"Kilmarnock","Scottish Premiership (1)",50,66,67,67,64,1500000,6,1,25,28.2,26,"Scottish Premiership ","Scotland"
83,"Motherwell","Scottish Premiership (1)",50,66,64,66,66,900000,5,1,28,24.9,25,"Scottish Premiership ","Scotland"
86,"Rangers FC","Scottish Premiership (1)",50,73,74,73,74,8300000,9,3,28,27,26.3,"Scottish Premiership ","Scotland"
88,"Birmingham City","English League Championship (2)",14,71,71,71,71,5000000,4,1,30,27.6,25.7,"English League Championship ","United Kingdom"
89,"Charlton Athletic","English League One (3)",60,67,65,67,66,2800000,2,1,28,28.2,24.8,"English League Championship ","United Kingdom"
91,"Derby County","English League Championship (2)",14,70,68,70,68,9200000,8,1,30,26.1,24.7,"English League Championship ","United Kingdom"
92,"Grimsby Town","English League Two (4)",61,61,61,59,60,500000,2,1,28,24.2,23.7,"English League Two ","United Kingdom"
94,"Ipswich Town","English League One (3)",60,65,65,65,65,2800000,9,1,28,27.3,25.8,"English League One ","United Kingdom"
95,"Leicester City","English Premier League (1)",13,80,81,80,77,45000000,6,6,33,27.6,25.2,"English Premier League ","United Kingdom"
95,"Leicester City","English Premier League (1)",13,80,81,80,77,45000000,6,6,33,27.6,25.2,"English Premier League ","United Kingdom"
97,"Millwall","English League Championship (2)",14,70,69,70,71,3800000,4,1,30,27,25.2,"English League Championship ","United Kingdom"
106,"Sunderland","English League One (3)",60,66,66,67,66,5400000,9,2,28,26.9,25.4,"English League One ","United Kingdom"
109,"West Bromwich Albion","English Premier League (1)",13,73,73,73,72,18400000,9,1,29,24.6,25.9,"English League Championship ","United Kingdom"
110,"Wolverhampton Wanderers","English Premier League (1)",13,79,79,81,78,45000000,5,4,33,26.1,23.1,"English Premier League ","United Kingdom"
110,"Wolverhampton Wanderers","English Premier League (1)",13,79,79,81,78,45000000,5,4,33,26.1,23.1,"English Premier League ","United Kingdom"
121,"Crewe Alexandra","English League One (3)",60,64,64,63,64,500000,5,1,28,23.4,23.4,"English League Two ","United Kingdom"
127,"Shrewsbury","English League One (3)",60,65,64,64,66,750000,5,1,28,26.7,25.3,"English League One ","United Kingdom"
142,"Doncaster Rovers","English League One (3)",60,64,62,67,63,1300000,7,1,26,24.3,22.9,"English League One ","United Kingdom"
143,"Exeter City","English League Two (4)",61,63,63,63,62,750000,6,1,28,23,23.6,"English League Two ","United Kingdom"
144,"Fulham","English Premier League (1)",13,75,75,75,74,16500000,9,1,33,24.6,25.4,"English League Championship ","United Kingdom"
149,"Lincoln City","English League One (3)",60,63,64,63,63,1300000,7,1,27,24.2,21.7,"English League One ","United Kingdom"
159,"DSC Arminia Bielefeld","German 1. Bundesliga (1)",19,71,72,71,70,2300000,1,1,28,25.6,24.6,"German 2. Bundesliga ","Germany"
160,"VfL Bochum 1848","German 2. Bundesliga (2)",20,69,70,69,69,3300000,7,1,29,27.9,25.4,"German 2. Bundesliga ","Germany"
165,"SpVgg Greuther Fürth","German 2. Bundesliga (2)",20,67,68,67,66,1900000,5,1,23,25.4,23,"German 2. Bundesliga ","Germany"
166,"Hertha BSC","German 1. Bundesliga (1)",19,76,77,77,75,60000000,6,4,32,25.8,23.5,"German 1. Bundesliga ","Germany"
167,"KFC Uerdingen 05","German 3. Bundesliga (3)",2076,65,63,64,65,1300000,8,1,28,26,25.1,"German 3. Bundesliga ","Germany"
169,"1. FSV Mainz 05","German 1. Bundesliga (1)",19,73,74,73,73,9200000,4,3,32,24.2,23.7,"German 1. Bundesliga ","Germany"
171,"1. FC Nürnberg","German 2. Bundesliga (2)",20,70,70,70,69,5400000,8,1,30,24.6,24.8,"German 2. Bundesliga ","Germany"
172,"SpVgg Unterhaching","German 3. Bundesliga (3)",2076,65,61,65,64,580000,7,1,28,24.6,26,"German 3. Bundesliga ","Germany"
175,"VfL Wolfsburg","German 1. Bundesliga (1)",19,77,81,76,75,40000000,6,5,32,25,24.7,"German 1. Bundesliga ","Germany"
175,"VfL Wolfsburg","German 1. Bundesliga (1)",19,77,81,76,75,40000000,6,5,32,25,24.7,"German 1. Bundesliga ","Germany"
184,"Hamilton Academical FC","Scottish Premiership (1)",50,62,59,62,62,500000,1,1,28,24.9,23.4,"Scottish Premiership ","Scotland"
189,"Bologna","Italian Serie A (1)",31,74,75,74,72,15000000,4,2,28,26.4,25.5,"Italian Serie A ","Italy"
190,"Brescia","Italian Serie B (2)",32,70,70,67,70,5200000,7,1,27,25.4,25.1,"Italian Serie A ","Italy"
190,"Brescia","Italian Serie B (2)",32,70,70,67,70,5200000,7,1,27,25.4,25.1,"Italian Serie A ","Italy"
191,"FC Red Bull Salzburg","Austrian Football Bundesliga (1)",80,73,75,74,73,20700000,10,6,27,24.3,22.9,"Austrian Football Bundesliga ","Austria"
191,"FC Red Bull Salzburg","Austrian Football Bundesliga (1)",80,73,75,74,73,20700000,10,6,27,24.3,22.9,"Austrian Football Bundesliga ","Austria"
192,"Chievo Verona","Italian Serie B (2)",32,69,67,70,66,4500000,6,2,28,26.8,25.2,"Italian Serie B ","Italy"
206,"Hellas Verona","Italian Serie A (1)",31,74,75,74,71,8000000,3,1,31,27.4,25.2,"Italian Serie A ","Italy"
209,"SK Sturm Graz","Austrian Football Bundesliga (1)",80,67,67,68,66,5200000,7,4,26,24.9,23.1,"Austrian Football Bundesliga ","Austria"
210,"Stade Malherbe Caen","French Ligue 2 (2)",17,69,70,67,68,3300000,9,1,30,26.6,23.9,"French Ligue 2 ","France"
211,"Dinamo Zagreb","Croatian Prva HNL (1)",317,73,74,72,71,11600000,10,4,28,24.4,24.3,"Croatian Prva HNL ","Croatia"
212,"La Berrichonne de Châteauroux","French Ligue 2 (2)",17,66,65,66,66,2300000,3,1,27,27.4,24.8,"French Ligue 2 ","France"
217,"FC Lorient","French Ligue 1 (1)",16,70,70,70,70,5200000,8,1,28,24.4,26.2,"French Ligue 2 ","France"
219,"Olympique de Marseille","French Ligue 1 (1)",16,78,79,77,77,14000000,8,5,33,27.2,24.4,"French Ligue 1 ","France"
219,"Olympique de Marseille","French Ligue 1 (1)",16,78,79,77,77,14000000,8,5,33,27.2,24.4,"French Ligue 1 ","France"
224,"Nîmes Olympique","French Ligue 1 (1)",16,72,71,72,72,4800000,3,1,30,26,24.3,"French Ligue 1 ","France"
226,"FC Sochaux-Montbéliard","French Ligue 2 (2)",17,66,65,67,67,2900000,6,1,29,25.6,23.8,"French Ligue 2 ","France"
229,"RSC Anderlecht","Belgian Jupiler Pro League (1)",4,72,70,72,71,14300000,9,5,28,23.2,22.8,"Belgian Jupiler Pro League ","Belgium"
230,"Royal Antwerp FC","Belgian Jupiler Pro League (1)",4,72,76,72,72,20800000,8,5,28,27.7,25.5,"Belgian Jupiler Pro League ","Belgium"
231,"Club Brugge KV","Belgian Jupiler Pro League (1)",4,75,74,76,75,25900000,10,5,28,25.9,23.2,"Belgian Jupiler Pro League ","Belgium"
232,"Standard de Liège","Belgian Jupiler Pro League (1)",4,72,70,73,71,12700000,8,5,28,24.2,24.3,"Belgian Jupiler Pro League ","Belgium"
234,"SL Benfica","Portuguese Liga ZON SAGRES (1)",308,79,74,80,77,25300000,10,7,27,26.4,25.8,"Portuguese Liga ZON SAGRES ","Portugal"
234,"SL Benfica","Portuguese Liga ZON SAGRES (1)",308,79,74,80,77,25300000,10,7,27,26.4,25.8,"Portuguese Liga ZON SAGRES ","Portugal"
236,"FC Porto","Portuguese Liga ZON SAGRES (1)",308,78,78,78,75,23000000,10,7,29,27.6,25.2,"Portuguese Liga ZON SAGRES ","Portugal"
236,"FC Porto","Portuguese Liga ZON SAGRES (1)",308,78,78,78,75,23000000,10,7,29,27.6,25.2,"Portuguese Liga ZON SAGRES ","Portugal"
237,"Sporting CP","Portuguese Liga ZON SAGRES (1)",308,77,76,80,77,21600000,9,4,30,27.4,24,"Portuguese Liga ZON SAGRES ","Portugal"
237,"Sporting CP","Portuguese Liga ZON SAGRES (1)",308,77,76,80,77,21600000,9,4,30,27.4,24,"Portuguese Liga ZON SAGRES ","Portugal"
240,"Atlético Madrid","Spain Primera Division (1)",53,83,84,82,82,68600000,9,9,33,26.6,24.5,"Spain Primera Division ","Spain"
240,"Atlético Madrid","Spain Primera Division (1)",53,83,84,82,82,68600000,9,9,33,26.6,24.5,"Spain Primera Division ","Spain"
241,"FC Barcelona","Spain Primera Division (1)",53,84,83,85,83,180500000,10,10,33,28.1,24.1,"Spain Primera Division ","Spain"
241,"FC Barcelona","Spain Primera Division (1)",53,84,83,85,83,180500000,10,10,33,28.1,24.1,"Spain Primera Division ","Spain"
243,"Real Madrid","Spain Primera Division (1)",53,85,84,87,84,188500000,10,10,33,27.7,24.4,"Spain Primera Division ","Spain"
243,"Real Madrid","Spain Primera Division (1)",53,85,84,87,84,188500000,10,10,33,27.7,24.4,"Spain Primera Division ","Spain"
244,"Real Zaragoza","Spanish Segunda División (2)",54,70,64,66,70,2700000,8,1,30,23.7,24.3,"Spanish Segunda División ","Spain"
245,"Ajax","Holland Eredivisie (1)",10,78,76,78,79,29500000,10,7,26,23.7,23.4,"Holland Eredivisie ","Holland"
245,"Ajax","Holland Eredivisie (1)",10,78,76,78,79,29500000,10,7,26,23.7,23.4,"Holland Eredivisie ","Holland"
246,"Feyenoord","Holland Eredivisie (1)",10,75,75,75,75,13800000,9,3,30,26.6,23.9,"Holland Eredivisie ","Holland"
247,"PSV","Holland Eredivisie (1)",10,76,79,76,75,21600000,10,5,30,24.1,22.8,"Holland Eredivisie ","Holland"
247,"PSV","Holland Eredivisie (1)",10,76,79,76,75,21600000,10,5,30,24.1,22.8,"Holland Eredivisie ","Holland"
252,"LASK Linz","Austrian Football Bundesliga (1)",80,70,70,70,71,6900000,9,5,27,26.2,24.7,"Austrian Football Bundesliga ","Austria"
254,"SK Rapid Wien","Austrian Football Bundesliga (1)",80,69,70,69,69,5200000,8,5,27,25.6,24,"Austrian Football Bundesliga ","Austria"
256,"FK Austria Wien","Austrian Football Bundesliga (1)",80,68,69,67,67,7700000,6,5,27,25.4,24.7,"Austrian Football Bundesliga ","Austria"
260,"CD Tenerife","Spanish Segunda División (2)",54,70,73,70,70,2000000,7,1,30,27.6,25.3,"Spanish Segunda División ","Spain"
266,"SK Slavia Praha","Czech Republic Gambrinus Liga (1)",319,74,71,73,74,6000000,10,4,24,24.8,25.2,"Czech Republic Gambrinus Liga ","Czech Rep."
267,"Sparta Praha","Czech Republic Gambrinus Liga (1)",319,73,71,72,71,7200000,9,4,28,25.6,24.2,"Czech Republic Gambrinus Liga ","Czech Rep."
269,"Brøndby IF","Danish Superliga (1)",1,67,68,67,66,5600000,9,2,24,23.8,23.5,"Danish Superliga ","Denmark"
271,"Aarhus GF","Danish Superliga (1)",1,67,66,68,67,3000000,6,1,27,24.4,23.6,"Danish Superliga ","Denmark"
272,"Odense Boldklub","Danish Superliga (1)",1,65,66,65,66,2600000,6,1,27,26.2,24.1,"Danish Superliga ","Denmark"
278,"AEK Athens","Greek Super League (1)",63,72,75,73,71,12400000,9,5,28,27.6,26,"Greek Super League ","Greece"
280,"Olympiacos CFP","Greek Super League (1)",63,75,78,75,74,19000000,10,5,28,28.8,26.7,"Greek Super League ","Greece"
294,"ESTAC Troyes","French Ligue 2 (2)",17,69,67,70,70,3900000,8,1,30,27.4,24.1,"French Ligue 2 ","France"
298,"Rosenborg BK","Norwegian Eliteserien (1)",41,69,67,73,68,8300000,10,4,25,26.6,24.8,"Norwegian Eliteserien ","Norway"
300,"Viking FK","Norwegian Eliteserien (1)",41,66,68,64,65,2200000,4,1,25,25.6,25.2,"Norwegian Eliteserien ","Norway"
305,"Bohemian FC","Rep. Ireland Airtricity League (1)",65,60,61,59,59,530000,7,1,21,22.3,22.3,"Rep. Ireland Airtricity League ","Ireland"
306,"Shamrock Rovers","Rep. Ireland Airtricity League (1)",65,63,66,63,63,700000,9,2,25,28.1,25.4,"Rep. Ireland Airtricity League ","Ireland"
308,"Universitatea Craiova","Romanian Liga I (1)",330,68,65,68,68,2500000,8,4,27,25.7,25.2,"Romanian Liga I ","Romania"
315,"PFC CSKA Moscow","Russian Premier League (1)",67,74,74,73,73,13100000,10,7,26,23.7,23,"Russian Premier League ","Russia"
319,"IFK Göteborg","Swedish Allsvenskan (1)",56,67,68,68,63,2400000,7,1,27,26.4,24.7,"Swedish Allsvenskan ","Sweden"
320,"Malmö FF","Swedish Allsvenskan (1)",56,70,73,70,68,8100000,10,4,25,27.8,26.8,"Swedish Allsvenskan ","Sweden"
324,"Servette FC","Swiss Super League (1)",189,66,65,67,68,3600000,5,3,27,25.6,23.8,"Swiss Super League ","Switzerland"
325,"Galatasaray SK","Turkish Süper Lig (1)",68,75,77,74,74,25100000,10,7,28,26.4,26.8,"Turkish Süper Lig ","Turkey"
325,"Galatasaray SK","Turkish Süper Lig (1)",68,75,77,74,74,25100000,10,7,28,26.4,26.8,"Turkish Süper Lig ","Turkey"
326,"Fenerbahçe SK","Turkish Süper Lig (1)",68,75,74,76,74,26500000,9,6,30,28.6,26.6,"Turkish Süper Lig ","Turkey"
326,"Fenerbahçe SK","Turkish Süper Lig (1)",68,75,74,76,74,26500000,9,6,30,28.6,26.6,"Turkish Süper Lig ","Turkey"
327,"Beşiktaş JK","Turkish Süper Lig (1)",68,74,75,74,73,26500000,10,7,29,27.9,25.6,"Turkish Süper Lig ","Turkey"
347,"Lecce","Italian Serie B (2)",32,70,69,69,69,6000000,7,1,26,27.9,26.1,"Italian Serie A ","Italy"
357,"Morecambe","English League Two (4)",61,61,60,62,61,500000,1,1,23,25.7,25.7,"English League Two ","United Kingdom"
361,"Stevenage","English League Two (4)",61,61,61,58,62,750000,3,1,25,26.4,23.4,"English League Two ","United Kingdom"
378,"Stade Brestois 29","French Ligue 1 (1)",16,72,73,71,72,5900000,1,1,29,23.8,24.4,"French Ligue 1 ","France"
379,"Stade de Reims","French Ligue 1 (1)",16,73,72,72,74,7000000,5,1,30,23.6,22.2,"French Ligue 1 ","France"
383,"Palmeiras","Campeonato Brasileiro Série A (1)",7,75,74,77,76,20500000,8,6,20,27.3,27,"Campeonato Brasileiro Série A ","Brazil"
393,"PAOK","Greek Super League (1)",63,73,71,73,73,16800000,9,4,28,26.1,25.1,"Greek Super League ","Greece"
417,"Molde FK","Norwegian Eliteserien (1)",41,69,70,69,67,5400000,10,2,26,25.6,25.4,"Norwegian Eliteserien ","Norway"
420,"Górnik Zabrze","Polish T-Mobile Ekstraklasa (1)",66,65,66,63,65,1500000,5,2,26,25.1,23,"Polish T-Mobile Ekstraklasa ","Poland"
422,"Cork City","Rep. Ireland Airtricity League (1)",65,55,55,55,54,600000,7,2,23,24.1,22,"Rep. Ireland Airtricity League ","Ireland"
423,"St. Patrick's Athletic","Rep. Ireland Airtricity League (1)",65,58,57,59,58,525000,6,1,19,25,23.8,"Rep. Ireland Airtricity League ","Ireland"
432,"Helsingborgs IF","Swedish Allsvenskan (1)",56,65,65,65,66,2200000,2,1,27,27.4,25.8,"Swedish Allsvenskan ","Sweden"
433,"AIK","Swedish Allsvenskan (1)",56,67,67,69,67,4400000,9,2,27,28.7,27,"Swedish Allsvenskan ","Sweden"
436,"Trabzonspor","Turkish Süper Lig (1)",68,71,72,72,71,13800000,6,5,29,26.6,24.5,"Turkish Süper Lig ","Turkey"
445,"Derry City","Rep. Ireland Airtricity League (1)",65,58,52,59,58,510000,7,1,25,24.8,23.1,"Rep. Ireland Airtricity League ","Ireland"
448,"Athletic Club de Bilbao","Spain Primera Division (1)",53,79,79,78,80,18500000,6,6,33,27.2,24.7,"Spain Primera Division ","Spain"
448,"Athletic Club de Bilbao","Spain Primera Division (1)",53,79,79,78,80,18500000,6,6,33,27.2,24.7,"Spain Primera Division ","Spain"
449,"Real Betis","Spain Primera Division (1)",53,78,76,79,78,16100000,5,2,33,28.6,25.8,"Spain Primera Division ","Spain"
449,"Real Betis","Spain Primera Division (1)",53,78,76,79,78,16100000,5,2,33,28.6,25.8,"Spain Primera Division ","Spain"
450,"RC Celta","Spain Primera Division (1)",53,76,80,75,76,11800000,5,4,33,26.9,23.9,"Spain Primera Division ","Spain"
452,"RCD Espanyol","Spanish Segunda División (2)",54,75,76,76,75,6000000,5,2,30,27.6,24.2,"Spain Primera Division ","Spain"
453,"RCD Mallorca","Spanish Segunda División (2)",54,73,71,74,71,2800000,3,1,30,27.9,25.4,"Spain Primera Division ","Spain"
457,"Real Sociedad","Spain Primera Division (1)",53,79,81,81,77,15800000,5,3,33,26.4,24.1,"Spain Primera Division ","Spain"
457,"Real Sociedad","Spain Primera Division (1)",53,79,81,81,77,15800000,5,3,33,26.4,24.1,"Spain Primera Division ","Spain"
459,"Real Sporting de Gijón","Spanish Segunda División (2)",54,69,70,69,68,4800000,8,1,30,26.1,23.9,"Spanish Segunda División ","Spain"
461,"Valencia CF","Spain Primera Division (1)",53,77,76,75,79,60000000,8,6,33,24.6,23.7,"Spain Primera Division ","Spain"
461,"Valencia CF","Spain Primera Division (1)",53,77,76,75,79,60000000,8,6,33,24.6,23.7,"Spain Primera Division ","Spain"
462,"Real Valladolid CF","Spain Primera Division (1)",53,75,76,76,74,3100000,2,1,33,29,26,"Spain Primera Division ","Spain"
463,"Deportivo Alavés","Spain Primera Division (1)",53,76,77,74,76,4400000,3,1,33,28.9,25.4,"Spain Primera Division ","Spain"
467,"SD Eibar","Spain Primera Division (1)",53,76,75,77,74,6500000,4,1,31,28.3,26.6,"Spain Primera Division ","Spain"
468,"Elche CF","Spain Primera Division (1)",53,73,73,73,72,1700000,2,1,33,27.6,25.7,"Spanish Segunda División ","Spain"
472,"UD Las Palmas","Spanish Segunda División (2)",54,69,70,68,69,6600000,9,1,30,25.4,25.2,"Spanish Segunda División ","Spain"
479,"CA Osasuna","Spain Primera Division (1)",53,76,77,76,74,4800000,7,1,31,28.1,26.7,"Spain Primera Division ","Spain"
480,"Rayo Vallecano","Spanish Segunda División (2)",54,70,70,71,70,3300000,2,1,28,26.8,24.9,"Spanish Segunda División ","Spain"
481,"Sevilla FC","Spain Primera Division (1)",53,80,80,80,82,34500000,7,7,31,28,25.7,"Spain Primera Division ","Spain"
481,"Sevilla FC","Spain Primera Division (1)",53,80,80,80,82,34500000,7,7,31,28,25.7,"Spain Primera Division ","Spain"
483,"Villarreal CF","Spain Primera Division (1)",53,80,81,80,79,32900000,8,7,33,28.4,25.1,"Spain Primera Division ","Spain"
485,"Hannover 96","German 2. Bundesliga (2)",20,71,71,71,71,10000000,8,2,29,27.4,25.3,"German 2. Bundesliga ","Germany"
487,"VfL Osnabrück","German 2. Bundesliga (2)",20,68,67,68,68,520000,4,1,29,27,26,"German 2. Bundesliga ","Germany"
492,"SV Wehen Wiesbaden","German 3. Bundesliga (3)",2076,66,64,64,66,1700000,8,1,25,24.6,24.6,"German 2. Bundesliga ","Germany"
503,"SG Dynamo Dresden","German 3. Bundesliga (3)",2076,66,65,65,67,2000000,10,1,26,25.1,23.8,"German 2. Bundesliga ","Germany"
506,"FC Erzgebirge Aue","German 2. Bundesliga (2)",20,68,70,68,68,1600000,3,1,27,28.1,25.9,"German 2. Bundesliga ","Germany"
517,"Botafogo","Campeonato Brasileiro Série A (1)",7,70,67,71,71,4300000,6,4,20,26.9,26.4,"Campeonato Brasileiro Série A ","Brazil"
543,"SSV Jahn Regensburg","German 2. Bundesliga (2)",20,66,65,67,66,1000000,3,1,29,26.3,25,"German 2. Bundesliga ","Germany"
561,"Forest Green Rovers","English League Two (4)",61,62,60,64,61,1000000,7,1,25,24.1,22.8,"English League Two ","United Kingdom"
563,"Sligo Rovers","Rep. Ireland Airtricity League (1)",65,58,59,56,59,515000,5,1,24,23.7,24.2,"Rep. Ireland Airtricity League ","Ireland"
567,"Fluminense","Campeonato Brasileiro Série A (1)",7,72,70,73,72,4099999,9,4,20,25.8,25.6,"Campeonato Brasileiro Série A ","Brazil"
573,"Málaga CF","Spanish Segunda División (2)",54,68,69,66,67,9900000,10,2,30,25.9,23.6,"Spanish Segunda División ","Spain"
576,"Holstein Kiel","German 2. Bundesliga (2)",20,68,69,70,67,1700000,5,1,28,26.9,25.1,"German 2. Bundesliga ","Germany"
598,"São Paulo","Campeonato Brasileiro Série A (1)",7,75,78,75,76,11200000,9,6,20,27.3,27.6,"Campeonato Brasileiro Série A ","Brazil"
605,"Al Hilal","Saudi Abdul L. Jameel League (1)",350,73,75,75,71,23600000,10,7,28,29.7,26.6,"Saudi Abdul L. Jameel League ","Saudi Arabia"
607,"Al Ittihad","Saudi Abdul L. Jameel League (1)",350,69,72,69,66,15000000,8,5,29,28.9,25.9,"Saudi Abdul L. Jameel League ","Saudi Arabia"
614,"AC Ajaccio","French Ligue 2 (2)",17,67,68,66,67,2600000,4,1,27,28.8,25.3,"French Ligue 2 ","France"
621,"Livingston FC","Scottish Premiership (1)",50,65,65,64,65,650000,3,1,26,25.7,26.5,"Scottish Premiership ","Scotland"
631,"Ross County FC","Scottish Premiership (1)",50,62,64,62,62,600000,2,1,28,25.8,24.4,"Scottish Premiership ","Scotland"
634,"Fortuna Sittard","Holland Eredivisie (1)",10,66,70,67,65,5700000,3,1,24,25.4,23.8,"Holland Eredivisie ","Holland"
650,"ADO Den Haag","Holland Eredivisie (1)",10,66,66,66,65,5400000,5,1,30,23.7,23.4,"Holland Eredivisie ","Holland"
670,"Sporting de Charleroi","Belgian Jupiler Pro League (1)",4,71,71,71,71,6500000,5,4,27,28.4,25.7,"Belgian Jupiler Pro League ","Belgium"
673,"KRC Genk","Belgian Jupiler Pro League (1)",4,73,74,71,73,17400000,8,5,24,25.3,22.8,"Belgian Jupiler Pro League ","Belgium"
674,"KAA Gent","Belgian Jupiler Pro League (1)",4,73,72,73,72,15800000,9,5,28,26.4,25.1,"Belgian Jupiler Pro League ","Belgium"
680,"Sint-Truidense VV","Belgian Jupiler Pro League (1)",4,68,67,68,68,4800000,5,3,28,25.6,23.8,"Belgian Jupiler Pro League ","Belgium"
682,"KV Oostende","Belgian Jupiler Pro League (1)",4,68,68,68,66,3900000,2,1,28,23.4,23.8,"Belgian Jupiler Pro League ","Belgium"
687,"Columbus Crew SC","USA Major League Soccer (1)",39,70,70,72,69,18400000,6,2,29,27,26.7,"USA Major League Soccer ","United States"
688,"DC United","USA Major League Soccer (1)",39,70,70,70,66,27500000,5,3,26,26.1,26.1,"USA Major League Soccer ","United States"
689,"New York Red Bulls","USA Major League Soccer (1)",39,69,67,69,70,24700000,8,4,28,26.1,23.8,"USA Major League Soccer ","United States"
691,"New England Revolution","USA Major League Soccer (1)",39,69,71,67,65,21600000,5,3,26,26.3,27.2,"USA Major League Soccer ","United States"
693,"Chicago Fire","USA Major League Soccer (1)",39,68,71,70,65,27900000,5,1,27,26,25.6,"USA Major League Soccer ","United States"
694,"Colorado Rapids","USA Major League Soccer (1)",39,68,70,69,68,17600000,4,1,25,25.1,25.8,"USA Major League Soccer ","United States"
695,"FC Dallas","USA Major League Soccer (1)",39,69,74,70,68,19800000,6,2,26,27.2,24.4,"USA Major League Soccer ","United States"
696,"Sporting Kansas City","USA Major League Soccer (1)",39,70,73,69,68,27200000,7,2,28,27.3,26.2,"USA Major League Soccer ","United States"
697,"LA Galaxy","USA Major League Soccer (1)",39,69,76,72,66,37100000,9,6,28,27.2,24.9,"USA Major League Soccer ","United States"
698,"Houston Dynamo","USA Major League Soccer (1)",39,68,70,68,68,23900000,6,2,29,27.4,25.7,"USA Major League Soccer ","United States"
700,"IF Elfsborg","Swedish Allsvenskan (1)",56,66,65,67,66,2900000,6,1,22,24.4,23.9,"Swedish Allsvenskan ","Sweden"
702,"IFK Norrköping","Swedish Allsvenskan (1)",56,67,69,68,66,4700000,8,1,26,23.8,23.5,"Swedish Allsvenskan ","Sweden"
705,"Örebro SK","Swedish Allsvenskan (1)",56,64,62,64,62,2000000,5,1,26,26.3,25.4,"Swedish Allsvenskan ","Sweden"
708,"Hammarby IF","Swedish Allsvenskan (1)",56,68,68,69,67,4300000,8,1,24,28.1,25.9,"Swedish Allsvenskan ","Sweden"
710,"Djurgårdens IF","Swedish Allsvenskan (1)",56,68,65,69,69,4400000,9,1,26,27,25.4,"Swedish Allsvenskan ","Sweden"
711,"BK Häcken","Swedish Allsvenskan (1)",56,66,67,65,66,3700000,7,1,24,27,26.6,"Swedish Allsvenskan ","Sweden"
741,"Antalyaspor","Turkish Süper Lig (1)",68,71,71,70,69,6600000,5,3,27,29.7,27.1,"Turkish Süper Lig ","Turkey"
744,"Rio Ave FC","Portuguese Liga ZON SAGRES (1)",308,73,72,73,72,2900000,6,2,27,28.1,26.1,"Portuguese Liga ZON SAGRES ","Portugal"
753,"Waterford FC","Rep. Ireland Airtricity League (1)",65,56,58,54,55,520000,4,1,21,24,23.2,"Rep. Ireland Airtricity League ","Ireland"
780,"SV Ried","Austrian Football Bundesliga (1)",80,65,63,65,65,3300000,3,1,27,25.8,24.5,"Austrian Football Bundesliga ","Austria"
819,"FC København","Danish Superliga (1)",1,72,72,72,70,10300000,10,4,27,27.7,26.3,"Danish Superliga ","Denmark"
820,"Aalborg BK","Danish Superliga (1)",1,67,69,68,66,2700000,7,1,26,26.7,23.7,"Danish Superliga ","Denmark"
837,"Dundalk","Rep. Ireland Airtricity League (1)",65,64,67,64,64,900000,10,2,25,27.6,26.4,"Rep. Ireland Airtricity League ","Ireland"
873,"Lech Poznań","Polish T-Mobile Ekstraklasa (1)",66,68,68,69,68,2900000,10,4,26,25.4,23.8,"Polish T-Mobile Ekstraklasa ","Poland"
894,"FC Zürich","Swiss Super League (1)",189,65,62,66,65,3500000,6,3,27,25.4,24.5,"Swiss Super League ","Switzerland"
896,"FC Basel 1893","Swiss Super League (1)",189,72,73,72,73,8500000,9,6,27,26.9,24.2,"Swiss Super League ","Switzerland"
897,"FC Luzern","Swiss Super League (1)",189,68,68,67,68,3600000,5,3,27,25.4,23.8,"Swiss Super League ","Switzerland"
898,"FC St. Gallen","Swiss Super League (1)",189,66,65,68,64,4600000,6,4,27,23.2,22.7,"Swiss Super League ","Switzerland"
900,"BSC Young Boys","Swiss Super League (1)",189,72,70,73,69,7900000,9,5,27,24.7,24.1,"Swiss Super League ","Switzerland"
917,"Stabæk Fotball","Norwegian Eliteserien (1)",41,65,64,66,64,1700000,4,1,27,25.7,23.6,"Norwegian Eliteserien ","Norway"
918,"FK Bodø/Glimt","Norwegian Eliteserien (1)",41,68,69,67,67,2800000,7,1,25,23.9,22.6,"Norwegian Eliteserien ","Norway"
919,"SK Brann","Norwegian Eliteserien (1)",41,66,66,65,65,3700000,8,1,27,27.4,25.7,"Norwegian Eliteserien ","Norway"
920,"Vålerenga Fotball","Norwegian Eliteserien (1)",41,66,67,66,66,2700000,7,1,23,24.8,24.5,"Norwegian Eliteserien ","Norway"
922,"Strømsgodset IF","Norwegian Eliteserien (1)",41,64,63,65,63,2500000,6,1,26,24,22.2,"Norwegian Eliteserien ","Norway"
982,"FC Seoul","Korean K League 1 (1)",83,68,69,68,66,5300000,9,7,28,28.2,26.5,"Korean K League Classic ","South Korea"
983,"Suwon Samsung Bluewings","Korean K League 1 (1)",83,66,67,66,65,2800000,8,5,28,28,27.1,"Korean K League Classic ","South Korea"
1013,"San Lorenzo de Almagro","Argentina Primera División  (1)",353,73,73,73,72,8500000,9,8,28,27.3,26,"Argentina Primera División  ","Argentina"
1032,"Monterrey","Mexican Liga MX (1)",341,74,74,75,73,24300000,8,9,29,26.7,24.9,"Mexican Liga MX ","Mexico"
1035,"Atlético Mineiro","Campeonato Brasileiro Série A (1)",7,76,81,76,76,19000000,7,7,20,25.1,25,"Campeonato Brasileiro Série A ","Brazil"
1039,"Club Athletico Paranaense","Campeonato Brasileiro Série A (1)",7,72,74,71,72,6200000,5,4,20,25.4,24.8,"Campeonato Brasileiro Série A ","Brazil"
1043,"Flamengo","Campeonato Brasileiro Série A (1)",7,76,77,75,75,42400000,10,7,20,26.2,26.6,"Campeonato Brasileiro Série A ","Brazil"
1048,"Internacional","Campeonato Brasileiro Série A (1)",7,74,71,74,74,7700000,7,6,20,24.4,24.4,"Campeonato Brasileiro Série A ","Brazil"
1053,"Santos","Campeonato Brasileiro Série A (1)",7,73,74,72,73,6500000,7,8,20,26.2,25.8,"Campeonato Brasileiro Série A ","Brazil"
1318,"England","International",78,83,85,83,82,0,10,8,23,24.9,24.9,"International",""
1322,"Austria","International",78,78,82,78,78,0,10,4,23,27.4,27,"International",""
1325,"Belgium","International",78,83,84,83,82,0,10,7,23,29.2,27.6,"International",""
1327,"Bulgaria","International",78,67,70,67,67,0,10,5,23,27.9,26.9,"International",""
1330,"Czech Republic","International",78,77,78,76,76,0,10,5,23,26.9,27.1,"International",""
1331,"Denmark","International",78,78,77,80,77,0,10,5,23,27.2,28,"International",""
1334,"Finland","International",78,70,74,69,67,0,10,3,23,29.3,27.7,"International",""
1335,"France","International",78,84,84,85,83,0,10,10,23,27,26.2,"International",""
1337,"Germany","International",78,85,85,84,82,0,10,10,23,25.8,25.5,"International",""
1338,"Greece","International",78,74,72,74,71,0,10,6,23,25.6,25.2,"International",""
1341,"Iceland","International",78,71,73,72,70,0,10,3,23,31.2,29.9,"International",""
1341,"Iceland","International",78,71,73,72,70,0,10,3,23,31.2,29.9,"International",""
1343,"Italy","International",78,83,83,82,83,0,10,9,23,28,27.3,"International",""
1352,"Norway","International",78,76,79,77,73,0,10,3,23,24.9,25.6,"International",""
1353,"Poland","International",78,77,82,73,73,0,10,5,23,26.8,26.3,"International",""
1354,"Portugal","International",78,83,87,83,82,0,10,8,23,27.7,27.6,"International",""
1355,"Republic of Ireland","International",78,74,70,72,77,0,10,5,23,28.2,25.9,"International",""
1356,"Romania","International",78,72,73,73,70,0,10,5,23,27.6,27.4,"International",""
1357,"Russia","International",78,76,76,76,75,0,10,6,23,28.8,28.7,"International",""
1359,"Scotland","International",78,75,72,77,76,0,10,4,23,26.6,26.4,"International",""
1361,"Slovenia","International",78,72,70,72,70,0,10,5,23,26.4,26.6,"International",""
1362,"Spain","International",78,83,82,84,83,0,10,9,23,26.4,25.4,"International",""
1363,"Sweden","International",78,76,76,76,75,0,10,5,23,27.7,28.2,"International",""
1364,"Switzerland","International",78,78,75,79,78,0,10,5,23,26.1,26,"International",""
1365,"Turkey","International",78,76,76,77,76,0,10,6,23,27,25.3,"International",""
1367,"Wales","International",78,74,70,75,73,0,10,4,23,25.6,24.2,"International",""
1369,"Argentina","International",78,83,87,82,79,0,10,9,23,27.1,27,"International",""
1370,"Brazil","International",78,80,81,79,80,0,10,10,23,25.1,24.9,"International",""
1375,"Paraguay","International",78,75,76,75,73,0,10,4,23,26.7,27.3,"International",""
1377,"Uruguay","International",78,79,79,79,78,0,10,7,23,30.9,31.3,"International",""
1386,"Mexico","International",78,77,81,77,76,0,10,7,23,28.4,26.9,"International",""
1387,"United States","International",78,74,76,74,74,0,10,6,23,24.1,24,"International",""
1395,"Cameroon","International",78,74,75,74,71,0,10,5,23,26.8,25.6,"International",""
1395,"Cameroon","International",78,74,75,74,71,0,10,5,23,26.8,25.6,"International",""
1413,"China PR","International",78,71,77,68,69,0,10,3,23,28.9,28.5,"International",""
1415,"Australia","International",78,72,71,71,71,0,10,5,23,27.4,27.2,"International",""
1438,"Santa Clara","Portuguese Liga ZON SAGRES (1)",308,69,70,69,68,1800000,1,1,26,26.9,25.5,"Portuguese Liga ZON SAGRES ","Portugal"
1439,"Kalmar FF","Swedish Allsvenskan (1)",56,63,63,63,63,1600000,3,1,26,26.6,25.3,"Swedish Allsvenskan ","Sweden"
1446,"AC Horsens","Danish Superliga (1)",1,64,64,63,64,1800000,2,1,27,28.3,24.4,"Danish Superliga ","Denmark"
1447,"SønderjyskE","Danish Superliga (1)",1,66,65,66,64,2000000,4,1,26,25.9,23.8,"Danish Superliga ","Denmark"
1456,"Odds BK","Norwegian Eliteserien (1)",41,65,64,64,66,2400000,6,1,24,25.4,24,"Norwegian Eliteserien ","Norway"
1457,"Denizlispor","Turkish Süper Lig (1)",68,70,75,68,70,2800000,4,2,26,30.4,27.4,"Turkish Süper Lig ","Turkey"
1463,"FK Haugesund","Norwegian Eliteserien (1)",41,63,63,64,64,1400000,5,1,22,24.8,23.8,"Norwegian Eliteserien ","Norway"
1473,"Ulsan Hyundai FC","Korean K League 1 (1)",83,70,71,70,69,4900000,7,6,28,29.1,27.8,"Korean K League Classic ","South Korea"
1474,"Pohang Steelers","Korean K League 1 (1)",83,67,67,66,65,3400000,7,5,28,28,25.4,"Korean K League Classic ","South Korea"
1477,"Jeonbuk Hyundai Motors","Korean K League 1 (1)",83,69,69,69,69,7100000,10,7,28,28.7,26.9,"Korean K League Classic ","South Korea"
1480,"Carlisle United","English League Two (4)",61,61,60,63,62,500000,6,1,28,24.6,22.9,"English League Two ","United Kingdom"
1516,"FC Midtjylland","Danish Superliga (1)",1,71,70,72,72,9600000,10,3,27,25,24.7,"Danish Superliga ","Denmark"
1524,"IK Start","Norwegian Eliteserien (1)",41,63,62,64,63,1200000,3,1,24,26.6,25.4,"Norwegian Eliteserien ","Norway"
1530,"Angers SCO","French Ligue 1 (1)",16,74,75,75,74,5600000,4,1,33,27.3,25.6,"French Ligue 1 ","France"
1569,"Wisła Płock","Polish T-Mobile Ekstraklasa (1)",66,64,61,64,64,1700000,4,2,27,27.4,25.5,"Polish T-Mobile Ekstraklasa ","Poland"
1598,"Bahia","Campeonato Brasileiro Série A (1)",7,71,69,71,71,3600000,4,3,20,23.3,24.8,"Campeonato Brasileiro Série A ","Brazil"
1629,"Grêmio","Campeonato Brasileiro Série A (1)",7,74,75,72,75,7000000,8,8,20,27.3,25.8,"Campeonato Brasileiro Série A ","Brazil"
1738,"Le Havre AC","French Ligue 2 (2)",17,67,65,67,66,4600000,7,1,27,25.4,23.6,"French Ligue 2 ","France"
1738,"Le Havre AC","French Ligue 2 (2)",17,67,65,67,66,4600000,7,1,27,25.4,23.6,"French Ligue 2 ","France"
1746,"Empoli","Italian Serie B (2)",32,68,69,67,68,4500000,10,1,23,24.7,23.9,"Italian Serie B ","Italy"
1750,"KSV Cercle Brugge","Belgian Jupiler Pro League (1)",4,68,67,69,67,5400000,1,2,28,23.1,22.9,"Belgian Jupiler Pro League ","Belgium"
1786,"Randers FC","Danish Superliga (1)",1,65,65,65,65,2000000,5,1,23,26.4,24.3,"Danish Superliga ","Denmark"
1788,"FC Nordsjælland","Danish Superliga (1)",1,66,66,65,67,2800000,7,1,27,23.6,20.7,"Danish Superliga ","Denmark"
1790,"Portsmouth","English League One (3)",60,66,66,66,65,2000000,9,1,27,25.7,23.7,"English League One ","United Kingdom"
1792,"Norwich City","English League Championship (2)",14,73,76,72,71,20000000,1,1,30,25.6,25,"English Premier League ","United Kingdom"
1792,"Norwich City","English League Championship (2)",14,73,76,72,71,20000000,1,1,30,25.6,25,"English Premier League ","United Kingdom"
1793,"Reading","English League Championship (2)",14,71,71,71,70,4800000,4,1,30,24.4,23,"English League Championship ","United Kingdom"
1794,"Sheffield United","English Premier League (1)",13,75,73,76,75,20000000,2,1,33,27,25,"English Premier League ","United Kingdom"
1795,"Watford","English League Championship (2)",14,75,73,75,73,35000000,3,2,30,27.1,24.9,"English Premier League ","United Kingdom"
1796,"Burnley","English Premier League (1)",13,76,76,76,76,27000000,3,1,33,27.9,25.1,"English Premier League ","United Kingdom"
1797,"Rotherham United","English League Championship (2)",14,67,67,67,67,1800000,8,1,28,25.8,25.7,"English League One ","United Kingdom"
1798,"Milton Keynes Dons","English League One (3)",60,64,65,65,63,1500000,5,1,26,26,24.9,"English League One ","United Kingdom"
1799,"Crystal Palace","English Premier League (1)",13,77,79,76,76,30000000,3,2,33,29.6,27,"English Premier League ","United Kingdom"
1799,"Crystal Palace","English Premier League (1)",13,77,79,76,76,30000000,3,2,33,29.6,27,"English Premier League ","United Kingdom"
1800,"Coventry City","English League Championship (2)",14,67,66,68,68,1700000,6,1,30,24.9,24,"English League One ","United Kingdom"
1801,"Preston North End","English League Championship (2)",14,71,66,71,71,3600000,6,1,28,26.6,26,"English League Championship ","United Kingdom"
1802,"Gillingham","English League One (3)",60,63,63,62,63,1000000,5,1,23,23.6,23.5,"English League One ","United Kingdom"
1803,"Walsall","English League Two (4)",61,62,62,62,62,750000,7,1,28,23.6,23.1,"English League Two ","United Kingdom"
1804,"Bradford City","English League Two (4)",61,62,62,61,63,1300000,9,1,26,26.7,24.2,"English League Two ","United Kingdom"
1805,"Grenoble Foot 38","French Ligue 2 (2)",17,67,67,68,66,3300000,4,1,27,27.6,25.4,"French Ligue 2 ","France"
1806,"Stoke City","English League Championship (2)",14,71,69,72,70,8199999,6,1,30,27.7,25.9,"English League Championship ","United Kingdom"
1807,"Sheffield Wednesday","English League Championship (2)",14,70,69,71,70,5000000,5,1,30,27,25.2,"English League Championship ","United Kingdom"
1808,"Brighton & Hove Albion","English Premier League (1)",13,76,75,76,75,36000000,2,1,33,25.7,23.9,"English Premier League ","United Kingdom"
1809,"Toulouse Football Club","French Ligue 2 (2)",17,69,68,67,69,6000000,3,1,29,23.6,22.4,"French Ligue 1 ","France"
1813,"Chamois Niortais Football Club","French Ligue 2 (2)",17,65,68,65,63,3100000,4,1,30,22.9,21.9,"French Ligue 2 ","France"
1815,"Clermont Foot 63","French Ligue 2 (2)",17,66,64,67,67,3200000,4,1,24,26.6,24.9,"French Ligue 2 ","France"
1816,"Amiens SC","French Ligue 2 (2)",17,69,67,70,67,5400000,2,1,30,25,22.7,"French Ligue 1 ","France"
1819,"AS Saint-Étienne","French Ligue 1 (1)",16,73,76,71,73,12500000,6,3,33,25.6,23.5,"French Ligue 1 ","France"
1823,"AS Nancy Lorraine","French Ligue 2 (2)",17,65,61,64,66,2800000,5,1,27,26.2,24.7,"French Ligue 2 ","France"
1824,"Eintracht Frankfurt","German 1. Bundesliga (1)",19,77,79,76,76,25000000,6,5,31,26.4,24.8,"German 1. Bundesliga ","Germany"
1824,"Eintracht Frankfurt","German 1. Bundesliga (1)",19,77,79,76,76,25000000,6,5,31,26.4,24.8,"German 1. Bundesliga ","Germany"
1825,"MSV Duisburg","German 3. Bundesliga (3)",2076,64,65,64,63,800000,8,1,27,25,24.2,"German 3. Bundesliga ","Germany"
1831,"1. FC Union Berlin","German 1. Bundesliga (1)",19,73,71,72,74,6500000,2,1,28,26.8,25.8,"German 1. Bundesliga ","Germany"
1832,"Karlsruher SC","German 2. Bundesliga (2)",20,67,66,68,68,800000,2,1,27,26.8,24.8,"German 2. Bundesliga ","Germany"
1837,"Sampdoria","Italian Serie A (1)",31,74,77,74,72,12000000,4,3,25,28.4,26.5,"Italian Serie A ","Italy"
1842,"Cagliari","Italian Serie A (1)",31,75,75,74,71,10000000,4,1,30,24.6,24.8,"Italian Serie A ","Italy"
1853,"Levante UD","Spain Primera Division (1)",53,76,78,76,75,9300000,3,1,32,28.1,26,"Spain Primera Division ","Spain"
1854,"Albacete BP","Spanish Segunda División (2)",54,68,67,67,68,1500000,4,1,28,28.1,25.6,"Spanish Segunda División ","Spain"
1860,"Getafe CF","Spain Primera Division (1)",53,77,77,77,77,8300000,5,3,32,26.4,25,"Spain Primera Division ","Spain"
1861,"UD Almería","Spanish Segunda División (2)",54,71,70,70,70,10800000,4,1,30,24.1,23.2,"Spanish Segunda División ","Spain"
1862,"FC Lausanne-Sport","Swiss Super League (1)",189,64,64,64,63,5000000,6,2,27,25.7,23.2,"Swiss Super League ","Switzerland"
1871,"Legia Warszawa","Polish T-Mobile Ekstraklasa (1)",66,69,69,69,69,3300000,10,6,27,28.4,26.2,"Polish T-Mobile Ekstraklasa ","Poland"
1873,"Wisła Kraków","Polish T-Mobile Ekstraklasa (1)",66,66,65,65,66,1300000,5,3,27,25,26,"Polish T-Mobile Ekstraklasa ","Poland"
1876,"River Plate","Argentina Primera División  (1)",353,76,75,78,76,15500000,10,9,28,28.4,26.8,"Argentina Primera División  ","Argentina"
1877,"Boca Juniors","Argentina Primera División  (1)",353,76,76,73,76,30000000,10,9,28,28,26.5,"Argentina Primera División  ","Argentina"
1878,"Cruz Azul","Mexican Liga MX (1)",341,73,75,73,73,30100000,9,4,25,27.1,26.8,"Mexican Liga MX ","Mexico"
1879,"Club América","Mexican Liga MX (1)",341,73,74,73,71,15300000,10,9,30,25.7,25.3,"Mexican Liga MX ","Mexico"
1880,"Guadalajara","Mexican Liga MX (1)",341,71,71,72,70,27900000,8,8,30,25.7,25.1,"Mexican Liga MX ","Mexico"
1881,"U.N.A.M.","Mexican Liga MX (1)",341,71,75,71,71,8500000,6,6,28,25.4,24,"Mexican Liga MX ","Mexico"
1882,"Deportivo Toluca","Mexican Liga MX (1)",341,70,71,71,68,7500000,5,2,30,28.6,25.3,"Mexican Liga MX ","Mexico"
1884,"Panathinaikos FC","Greek Super League (1)",63,71,72,72,69,5300000,7,4,28,27.2,25.2,"Greek Super League ","Greece"
1886,"Hungary","International",78,72,71,70,72,0,10,4,23,26.8,27.1,"International",""
1887,"Vitória Guimarães","Portuguese Liga ZON SAGRES (1)",308,71,72,71,70,5900000,7,3,30,24.4,23,"Portuguese Liga ZON SAGRES ","Portugal"
1888,"Gil Vicente FC","Portuguese Liga ZON SAGRES (1)",308,68,68,66,70,1700000,2,1,29,25.6,24,"Portuguese Liga ZON SAGRES ","Portugal"
1889,"Os Belenenses","Portuguese Liga ZON SAGRES (1)",308,69,68,64,68,2200000,5,1,30,25,24.2,"Portuguese Liga ZON SAGRES ","Portugal"
1891,"CD Nacional","Portuguese Liga ZON SAGRES (1)",308,69,69,69,67,2100000,3,1,28,25.4,24.9,"Portuguese Liga ZON SAGRES ","Portugal"
1892,"FC Paços de Ferreira","Portuguese Liga ZON SAGRES (1)",308,69,70,70,68,2000000,4,1,29,25.6,24,"Portuguese Liga ZON SAGRES ","Portugal"
1893,"Clube Sport Marítimo","Portuguese Liga ZON SAGRES (1)",308,69,69,68,69,3900000,6,2,30,27.2,25.3,"Portuguese Liga ZON SAGRES ","Portugal"
1896,"SC Braga","Portuguese Liga ZON SAGRES (1)",308,76,76,75,75,14000000,8,3,30,25.7,25.3,"Portuguese Liga ZON SAGRES ","Portugal"
1898,"Boavista FC","Portuguese Liga ZON SAGRES (1)",308,70,71,69,71,2400000,5,1,30,24.6,22.8,"Portuguese Liga ZON SAGRES ","Portugal"
1900,"Moreirense FC","Portuguese Liga ZON SAGRES (1)",308,69,73,69,68,2900000,4,1,27,27,24.1,"Portuguese Liga ZON SAGRES ","Portugal"
1903,"FC Utrecht","Holland Eredivisie (1)",10,71,73,71,69,15200000,7,2,30,24.6,24.1,"Holland Eredivisie ","Holland"
1905,"RKC Waalwijk","Holland Eredivisie (1)",10,66,66,66,65,2700000,1,1,29,26,24,"Holland Eredivisie ","Holland"
1906,"AZ Alkmaar","Holland Eredivisie (1)",10,73,74,74,73,9100000,8,3,30,23.8,22.8,"Holland Eredivisie ","Holland"
1907,"Willem II","Holland Eredivisie (1)",10,69,70,69,68,4800000,5,1,28,25.1,23.6,"Holland Eredivisie ","Holland"
1908,"FC Twente","Holland Eredivisie (1)",10,68,68,65,67,9200000,6,2,27,22.8,21.6,"Holland Eredivisie ","Holland"
1909,"Vitesse","Holland Eredivisie (1)",10,69,67,70,69,16399999,7,2,29,24.3,22.8,"Holland Eredivisie ","Holland"
1913,"SC Heerenveen","Holland Eredivisie (1)",10,68,69,68,68,6600000,6,2,25,23,21.1,"Holland Eredivisie ","Holland"
1914,"PEC Zwolle","Holland Eredivisie (1)",10,67,64,67,67,5700000,5,1,28,23.4,22.9,"Holland Eredivisie ","Holland"
1915,"FC Groningen","Holland Eredivisie (1)",10,68,67,66,67,7400000,6,2,27,24.3,22.6,"Holland Eredivisie ","Holland"
1917,"Wigan Athletic","English League One (3)",60,64,67,65,61,2400000,2,1,28,26.1,22.8,"English League Championship ","United Kingdom"
1919,"Bristol City","English League Championship (2)",14,71,70,71,70,10000000,7,1,30,26.3,25.4,"English League Championship ","United Kingdom"
1920,"Oldham Athletic","English League Two (4)",61,62,62,61,63,750000,4,1,28,25.4,23.1,"English League Two ","United Kingdom"
1923,"Luton Town","English League Championship (2)",14,68,67,68,68,2300000,1,1,30,26.6,24.9,"English League Championship ","United Kingdom"
1925,"Brentford","English League Championship (2)",14,71,71,70,73,11000000,7,1,30,24.2,22.6,"English League Championship ","United Kingdom"
1926,"Blackpool","English League One (3)",60,65,65,65,65,750000,6,1,28,25.7,23.5,"English League One ","United Kingdom"
1928,"Port Vale","English League Two (4)",61,63,62,63,63,750000,4,1,24,27.4,27.2,"English League Two ","United Kingdom"
1929,"Plymouth Argyle","English League One (3)",60,64,64,61,64,1300000,9,1,27,23.7,24.4,"English League Two ","United Kingdom"
1930,"Northampton Town","English League One (3)",60,63,62,62,63,1000000,7,1,28,27.2,25.5,"English League Two ","United Kingdom"
1932,"Barnsley","English League Championship (2)",14,67,69,67,67,3500000,1,1,30,24.3,22.3,"English League Championship ","United Kingdom"
1933,"Wycombe Wanderers","English League Championship (2)",14,67,66,67,67,750000,4,1,30,28.6,26.1,"English League One ","United Kingdom"
1934,"Swindon Town","English League One (3)",60,63,65,63,63,750000,7,1,28,25.9,24.2,"English League Two ","United Kingdom"
1935,"Colchester United","English League Two (4)",61,63,63,63,64,500000,6,1,27,25.4,23.5,"English League Two ","United Kingdom"
1936,"Cheltenham Town","English League Two (4)",61,63,61,62,65,500000,5,1,27,27.8,24.4,"English League Two ","United Kingdom"
1938,"Peterborough United","English League One (3)",60,65,67,65,65,2000000,8,1,28,25,22,"English League One ","United Kingdom"
1939,"Huddersfield Town","English League Championship (2)",14,69,67,69,70,6000000,5,1,30,25.9,24,"English League Championship ","United Kingdom"
1940,"Mansfield Town","English League Two (4)",61,63,64,62,63,1500000,8,1,25,27.2,24.4,"English League Two ","United Kingdom"
1943,"Bournemouth","English League Championship (2)",14,74,74,75,73,36500000,2,1,29,25.1,23.4,"English Premier League ","United Kingdom"
1943,"Bournemouth","English League Championship (2)",14,74,74,75,73,36500000,2,1,29,25.1,23.4,"English Premier League ","United Kingdom"
1944,"Cambridge United","English League Two (4)",61,61,61,62,60,500000,3,1,24,26.3,23.5,"English League Two ","United Kingdom"
1949,"Scunthorpe United","English League Two (4)",61,61,61,61,60,1000000,8,1,28,24.7,23.1,"English League Two ","United Kingdom"
1951,"Oxford United","English League One (3)",60,65,65,65,64,1000000,6,1,28,26,24.2,"English League One ","United Kingdom"
1952,"Hull City","English League One (3)",60,66,65,66,68,4200000,3,1,28,24.3,22.8,"English League Championship ","United Kingdom"
1954,"Southend United","English League Two (4)",61,61,58,60,61,750000,4,1,28,23.6,22.6,"English League One ","United Kingdom"
1955,"Rochdale","English League One (3)",60,63,61,63,62,500000,2,1,24,22.8,23.8,"English League One ","United Kingdom"
1958,"Leyton Orient","English League Two (4)",61,61,62,62,59,750000,4,1,25,27.4,25,"English League Two ","United Kingdom"
1960,"Swansea City","English League Championship (2)",14,70,72,70,70,10200000,6,1,30,24.7,23.4,"English League Championship ","United Kingdom"
1961,"Cardiff City","English League Championship (2)",14,71,64,72,71,9000000,7,1,30,26.4,25.1,"English League Championship ","United Kingdom"
1962,"Bristol Rovers","English League One (3)",60,64,61,64,63,750000,4,1,28,24.4,24.4,"English League One ","United Kingdom"
1968,"Cádiz CF","Spain Primera Division (1)",53,72,73,72,71,2000000,5,1,33,28.6,26.7,"Spanish Segunda División ","Spain"
1970,"Tigres U.A.N.L.","Mexican Liga MX (1)",341,74,75,75,74,20100000,9,7,25,30,26.4,"Mexican Liga MX ","Mexico"
2013,"KAS Eupen","Belgian Jupiler Pro League (1)",4,69,69,69,68,3600000,2,1,28,27,25.3,"Belgian Jupiler Pro League ","Belgium"
2017,"TSV Hartberg","Austrian Football Bundesliga (1)",80,66,69,66,65,2500000,2,1,27,27.2,25.7,"Austrian Football Bundesliga ","Austria"
2023,"SD Ponferradina","Spanish Segunda División (2)",54,68,69,68,67,2000000,6,1,30,26.9,24.4,"Spanish Segunda División ","Spain"
2055,"Sangju Sangmu FC","Korean K League 1 (1)",83,65,65,65,65,2600000,2,1,28,25.8,24.9,"Korean K League Classic ","South Korea"
2056,"Daegu FC","Korean K League 1 (1)",83,65,68,65,62,4300000,8,3,28,27.8,25,"Korean K League Classic ","South Korea"
10029,"TSG 1899 Hoffenheim","German 1. Bundesliga (1)",19,77,79,76,76,28000000,6,5,33,25.9,24.9,"German 1. Bundesliga ","Germany"
10029,"TSG 1899 Hoffenheim","German 1. Bundesliga (1)",19,77,79,76,76,28000000,6,5,33,25.9,24.9,"German 1. Bundesliga ","Germany"
10030,"SC Paderborn 07","German 2. Bundesliga (2)",20,69,69,67,68,5000000,7,1,30,24.7,24.6,"German 1. Bundesliga ","Germany"
10031,"Portimonense SC","Portuguese Liga ZON SAGRES (1)",308,69,69,70,69,3800000,3,1,30,25.9,25,"Portuguese Liga ZON SAGRES ","Portugal"
10032,"FC Lugano","Swiss Super League (1)",189,66,66,66,65,1900000,3,2,27,26.7,24.3,"Swiss Super League ","Switzerland"
15001,"Lyngby BK","Danish Superliga (1)",1,63,64,63,64,1600000,1,1,27,27.4,24,"Danish Superliga ","Denmark"
15005,"SV Zulte-Waregem","Belgian Jupiler Pro League (1)",4,69,70,68,67,6000000,5,4,25,26.4,24.6,"Belgian Jupiler Pro League ","Belgium"
15009,"SCR Altach","Austrian Football Bundesliga (1)",80,65,64,65,65,2900000,4,2,26,25.4,24.5,"Austrian Football Bundesliga ","Austria"
15015,"Burton Albion","English League One (3)",60,64,64,63,64,750000,7,1,28,27.8,25.1,"English League One ","United Kingdom"
15021,"CE Sabadell FC","Spanish Segunda División (2)",54,66,67,66,66,1600000,3,1,30,28.6,26.4,"Spanish Segunda División ","Spain"
15040,"WSG Tirol","Austrian Football Bundesliga (1)",80,65,66,64,65,2900000,1,1,27,25.1,23.8,"Austrian Football Bundesliga ","Austria"
15048,"Tranmere Rovers","English League Two (4)",61,63,64,62,63,750000,2,1,28,27.4,25.9,"English League One ","United Kingdom"
100081,"KV Kortrijk","Belgian Jupiler Pro League (1)",4,69,67,69,69,4500000,4,2,28,26.4,24.4,"Belgian Jupiler Pro League ","Belgium"
100087,"Oud-Heverlee Leuven","Belgian Jupiler Pro League (1)",4,68,70,69,68,6000000,4,1,28,27.1,24.4,"Belgian Jupiler Pro League ","Belgium"
100325,"HJK Helsinki","Finnish Veikkausliiga (1)",322,64,64,66,65,2000000,10,1,26,28.9,25.5,"Finnish Veikkausliiga ","Finland"
100409,"FC Augsburg","German 1. Bundesliga (1)",19,74,75,74,74,9500000,4,3,29,26.6,25.3,"German 1. Bundesliga ","Germany"
100628,"FC Emmen","Holland Eredivisie (1)",10,68,67,69,68,3200000,3,1,30,27,24.6,"Holland Eredivisie ","Holland"
100634,"Heracles Almelo","Holland Eredivisie (1)",10,66,67,65,67,4300000,5,1,29,24.8,22.6,"Holland Eredivisie ","Holland"
100646,"Sparta Rotterdam","Holland Eredivisie (1)",10,66,66,65,66,5700000,4,1,27,25,24.4,"Holland Eredivisie ","Holland"
100651,"VVV-Venlo","Holland Eredivisie (1)",10,66,66,67,66,2900000,3,1,28,27.1,24.5,"Holland Eredivisie ","Holland"
100757,"Dinamo Bucureşti","Romanian Liga I (1)",330,68,67,67,67,1200000,4,2,27,27.4,26.2,"Romanian Liga I ","Romania"
100761,"FCSB (Steaua)","Romanian Liga I (1)",330,69,71,69,68,4000000,10,5,27,23.6,24.1,"Romanian Liga I ","Romania"
100765,"Lokomotiv Moscow","Russian Premier League (1)",67,74,75,71,73,15700000,9,4,27,26.9,26,"Russian Premier League ","Russia"
100767,"Spartak Moscow","Russian Premier League (1)",67,74,74,75,73,20000000,10,4,28,24,24,"Russian Premier League ","Russia"
100804,"St. Johnstone FC","Scottish Premiership (1)",50,64,65,65,63,700000,5,1,20,26.2,26.9,"Scottish Premiership ","Scotland"
100805,"St. Mirren","Scottish Premiership (1)",50,63,64,62,64,750000,2,1,24,24.6,24.6,"Scottish Premiership ","Scotland"
100831,"AD Alcorcón","Spanish Segunda División (2)",54,68,70,68,68,1600000,6,1,30,29.3,24.8,"Spanish Segunda División ","Spain"
100851,"FC Cartagena","Spanish Segunda División (2)",54,68,70,68,67,1800000,3,1,30,28,25.9,"Spanish Segunda División ","Spain"
100852,"C.D. Castellón","Spanish Segunda División (2)",54,66,66,67,65,1600000,3,1,30,27.4,26.3,"Spanish Segunda División ","Spain"
100888,"CD Leganés","Spanish Segunda División (2)",54,73,72,72,73,4200000,9,1,30,27.1,26.2,"Spain Primera Division ","Spain"
101007,"MKE Ankaragücü","Turkish Süper Lig (1)",68,70,70,69,70,2900000,6,3,29,26.7,25,"Turkish Süper Lig ","Turkey"
101014,"Medipol Başakşehir FK","Turkish Süper Lig (1)",68,76,77,74,75,13200000,8,5,30,29.6,27.3,"Turkish Süper Lig ","Turkey"
101020,"Kayserispor","Turkish Süper Lig (1)",68,70,69,70,71,2300000,4,2,28,30,26.4,"Turkish Süper Lig ","Turkey"
101025,"Gençlerbirliği SK","Turkish Süper Lig (1)",68,69,73,69,70,3500000,6,3,25,29,26.3,"Turkish Süper Lig ","Turkey"
101025,"Gençlerbirliği SK","Turkish Süper Lig (1)",68,69,73,69,70,3500000,6,3,25,29,26.3,"Turkish Süper Lig ","Turkey"
101026,"Göztepe SK","Turkish Süper Lig (1)",68,69,66,69,67,3700000,4,1,24,26.4,26.7,"Turkish Süper Lig ","Turkey"
101033,"Atiker Konyaspor","Turkish Süper Lig (1)",68,70,70,70,68,5200000,6,3,26,26.8,27.2,"Turkish Süper Lig ","Turkey"
101033,"Atiker Konyaspor","Turkish Süper Lig (1)",68,70,70,70,68,5200000,6,3,26,26.8,27.2,"Turkish Süper Lig ","Turkey"
101037,"Çaykur Rizespor","Turkish Süper Lig (1)",68,71,73,70,71,2500000,3,2,30,28.4,26.9,"Turkish Süper Lig ","Turkey"
101041,"Sivasspor","Turkish Süper Lig (1)",68,72,70,73,71,4000000,5,2,26,31.4,29,"Turkish Süper Lig ","Turkey"
101047,"Dynamo Kyiv","Ukrainian Premier League (1)",332,74,72,75,72,12800000,10,6,28,22.6,23.8,"Ukrainian Premier League ","Ukraine"
101059,"Shakhtar Donetsk","Ukrainian Premier League (1)",332,75,79,76,72,16800000,10,7,28,26.9,25.5,"Ukrainian Premier League ","Ukraine"
101083,"Estudiantes de La Plata","Argentina Primera División  (1)",353,70,70,69,68,5000000,7,7,28,24.4,24.1,"Argentina Primera División  ","Argentina"
101084,"Gimnasia y Esgrima La Plata","Argentina Primera División  (1)",353,68,67,68,69,3200000,2,3,28,28.6,26,"Argentina Primera División  ","Argentina"
101085,"Racing Club","Argentina Primera División  (1)",353,75,73,74,75,9500000,9,7,28,29,27.1,"Argentina Primera División  ","Argentina"
101088,"Vélez Sarsfield","Argentina Primera División  (1)",353,72,72,73,72,5300000,8,7,28,25.4,24.2,"Argentina Primera División  ","Argentina"
101097,"Audax Italiano","Chilian Campeonato Nacional (1)",335,66,69,65,67,4400000,7,2,30,26.2,24.1,"Chilian Campeonato Nacional ","Chile"
101099,"América de Cali","Colombian Liga Postobón (1)",336,69,72,67,67,2200000,6,5,28,26.8,24.5,"Colombian Liga Postobón ","Columbia"
101100,"Atlético Nacional","Colombian Liga Postobón (1)",336,69,67,70,66,9000000,10,9,29,26.9,24.5,"Colombian Liga Postobón ","Columbia"
101101,"Junior FC","Colombian Liga Postobón (1)",336,71,73,69,70,5000000,9,7,29,29,27.2,"Colombian Liga Postobón ","Columbia"
101102,"Deportivo Cali","Colombian Liga Postobón (1)",336,67,67,67,69,7000000,8,7,27,26.2,23.9,"Colombian Liga Postobón ","Columbia"
101103,"Independiente Medellín","Colombian Liga Postobón (1)",336,64,65,63,64,5100000,8,6,27,25.4,22.9,"Colombian Liga Postobón ","Columbia"
101114,"Club Atlas","Mexican Liga MX (1)",341,70,69,70,70,6500000,3,1,27,27.9,24.9,"Mexican Liga MX ","Mexico"
101121,"Club Necaxa","Mexican Liga MX (1)",341,68,67,67,69,9700000,4,4,28,25.8,24.4,"Mexican Liga MX ","Mexico"
101145,"Kashiwa Reysol","Japanese J. League Division 1 (1)",349,68,71,67,65,7700000,7,4,30,27.6,27.1,"Japanese J. League Division 1 ","Japan"
101146,"Vissel Kobe","Japanese J. League Division 1 (1)",349,69,70,70,69,16800000,6,5,27,28.7,26.4,"Japanese J. League Division 1 ","Japan"
101147,"Kashima Antlers","Japanese J. League Division 1 (1)",349,68,67,70,68,8900000,9,6,30,26.4,25.6,"Japanese J. League Division 1 ","Japan"
101148,"Cerezo Osaka","Japanese J. League Division 1 (1)",349,69,69,68,69,6900000,7,5,30,27.6,25.6,"Japanese J. League Division 1 ","Japan"
101149,"Shimizu S-Pulse","Japanese J. League Division 1 (1)",349,66,67,67,66,4200000,3,1,30,27,26.7,"Japanese J. League Division 1 ","Japan"
101150,"FC Tokyo","Japanese J. League Division 1 (1)",349,68,70,67,66,10000000,7,5,30,26.8,25.2,"Japanese J. League Division 1 ","Japan"
101151,"Yokohama F. Marinos","Japanese J. League Division 1 (1)",349,69,69,70,68,10300000,9,4,26,26.7,26.2,"Japanese J. League Division 1 ","Japan"
105035,"Netherlands","International",78,82,80,82,83,0,10,8,23,26.8,26.9,"International",""
110062,"Girona FC","Spanish Segunda División (2)",54,71,74,70,70,4300000,4,1,29,26.9,23.7,"Spanish Segunda División ","Spain"
110065,"CF Fuenlabrada","Spanish Segunda División (2)",54,68,68,68,68,1500000,2,1,27,26.9,24.7,"Spanish Segunda División ","Spain"
110069,"CD Mirandés","Spanish Segunda División (2)",54,66,65,65,67,1500000,4,1,30,22.9,22.8,"Spanish Segunda División ","Spain"
110081,"Northern Ireland","International",78,70,65,70,72,0,10,2,23,28.1,28.3,"International",""
110093,"Independiente","Argentina Primera División  (1)",353,72,73,72,73,12000000,9,8,28,26.4,24,"Argentina Primera División  ","Argentina"
110144,"Santos Laguna","Mexican Liga MX (1)",341,71,73,70,70,9000000,5,4,30,25.9,24,"Mexican Liga MX ","Mexico"
110147,"Pachuca","Mexican Liga MX (1)",341,71,71,67,71,4900000,6,7,30,26.9,25.5,"Mexican Liga MX ","Mexico"
110150,"Querétaro","Mexican Liga MX (1)",341,67,67,66,67,1300000,1,1,30,27.6,26.6,"Mexican Liga MX ","Mexico"
110152,"Puebla FC","Mexican Liga MX (1)",341,69,67,71,67,3700000,2,1,28,28.3,26.4,"Mexican Liga MX ","Mexico"
110178,"SV Sandhausen","German 2. Bundesliga (2)",20,69,68,69,68,1500000,3,1,30,27.8,26.9,"German 2. Bundesliga ","Germany"
110197,"FC Würzburger Kickers","German 2. Bundesliga (2)",20,66,65,66,66,725000,1,1,29,26.1,25,"German 3. Bundesliga ","Germany"
110313,"Accrington Stanley","English League One (3)",60,63,64,62,63,500000,1,1,28,24.8,22.6,"English League One ","United Kingdom"
110329,"FC St. Pauli","German 2. Bundesliga (2)",20,68,69,67,68,2900000,6,1,30,26.3,24.3,"German 2. Bundesliga ","Germany"
110374,"Fiorentina","Italian Serie A (1)",31,76,77,76,75,25000000,6,5,29,26.8,25.2,"Italian Serie A ","Italy"
110374,"Fiorentina","Italian Serie A (1)",31,76,77,76,75,25000000,6,5,29,26.8,25.2,"Italian Serie A ","Italy"
110394,"Arsenal de Sarandí","Argentina Primera División  (1)",353,67,65,69,67,2100000,3,5,27,28.4,25.3,"Argentina Primera División  ","Argentina"
110395,"Club Atlético Lanús","Argentina Primera División  (1)",353,71,73,71,70,7500000,8,7,28,25.8,23.6,"Argentina Primera División  ","Argentina"
110396,"Newell's Old Boys","Argentina Primera División  (1)",353,70,73,69,69,4000000,7,6,28,30.7,25.9,"Argentina Primera División  ","Argentina"
110404,"Club Atlético Banfield","Argentina Primera División  (1)",353,70,69,69,67,4099999,5,4,28,25,25.1,"Argentina Primera División  ","Argentina"
110406,"Club Atlético Colón","Argentina Primera División  (1)",353,70,72,70,71,4000000,5,3,26,29.7,25,"Argentina Primera División  ","Argentina"
110456,"Valenciennes FC","French Ligue 2 (2)",17,67,67,66,67,2600000,4,1,26,23.7,23.9,"French Ligue 2 ","France"
110468,"Viktoria Plzeň","Czech Republic Gambrinus Liga (1)",319,73,72,72,73,6600000,9,4,24,28.9,27.6,"Czech Republic Gambrinus Liga ","Czech Rep."
110482,"Hallescher FC","German 3. Bundesliga (3)",2076,64,63,63,65,640000,6,1,25,25.6,24.6,"German 3. Bundesliga ","Germany"
110500,"Eintracht Braunschweig","German 2. Bundesliga (2)",20,67,68,68,66,900000,2,1,28,26.6,25.5,"German 3. Bundesliga ","Germany"
110502,"SV Darmstadt 98","German 2. Bundesliga (2)",20,69,70,69,68,3300000,6,1,29,25.3,24.1,"German 2. Bundesliga ","Germany"
110532,"SV Waldhof Mannheim","German 3. Bundesliga (3)",2076,64,64,65,65,500000,3,1,26,23.4,23.9,"German 3. Bundesliga ","Germany"
110556,"Genoa","Italian Serie A (1)",31,74,71,71,74,8500000,3,2,33,26.4,26.8,"Italian Serie A ","Italy"
110569,"Dijon FCO","French Ligue 1 (1)",16,71,73,72,69,4600000,2,1,28,22.7,23.7,"French Ligue 1 ","France"
110580,"Rosario Central","Argentina Primera División  (1)",353,68,67,69,70,5000000,7,5,28,27.8,24.2,"Argentina Primera División  ","Argentina"
110581,"Patronato","Argentina Primera División  (1)",353,66,67,65,67,1700000,2,1,28,28.8,26.4,"Argentina Primera División  ","Argentina"
110588,"1. FC Magdeburg","German 3. Bundesliga (3)",2076,64,63,63,63,800000,8,1,28,25.8,24.7,"German 3. Bundesliga ","Germany"
110592,"FSV Zwickau","German 3. Bundesliga (3)",2076,63,64,63,62,500000,2,1,25,26.8,25,"German 3. Bundesliga ","Germany"
110597,"SV Meppen","German 3. Bundesliga (3)",2076,64,61,63,64,520000,3,1,27,26.7,25.3,"German 3. Bundesliga ","Germany"
110636,"Fortuna Düsseldorf","German 2. Bundesliga (2)",20,71,72,69,69,7500000,10,1,30,25.7,25,"German 1. Bundesliga ","Germany"
110645,"Viktoria Köln","German 3. Bundesliga (3)",2076,65,65,66,64,500000,2,1,28,27.4,25.4,"German 3. Bundesliga ","Germany"
110679,"Bayern München II","German 3. Bundesliga (3)",2076,63,65,65,60,4000000,7,1,28,20.3,20.6,"German 3. Bundesliga ","Germany"
110679,"Bayern München II","German 3. Bundesliga (3)",2076,63,65,65,60,4000000,7,1,28,20.3,20.6,"German 3. Bundesliga ","Germany"
110724,"KV Mechelen","Belgian Jupiler Pro League (1)",4,69,70,70,67,4800000,5,4,28,26.4,24.3,"Belgian Jupiler Pro League ","Belgium"
110734,"Crotone","Italian Serie A (1)",31,70,68,69,71,4500000,1,1,30,27.7,26.4,"Italian Serie B ","Italy"
110741,"Spezia","Italian Serie A (1)",31,70,69,69,68,2800000,6,1,33,25.8,25.1,"Italian Serie B ","Italy"
110745,"Jagiellonia Białystok","Polish T-Mobile Ekstraklasa (1)",66,67,66,67,65,2100000,8,3,27,26.4,24.9,"Polish T-Mobile Ekstraklasa ","Poland"
110746,"Pogoń Szczecin","Polish T-Mobile Ekstraklasa (1)",66,66,67,68,65,1800000,6,2,27,26.8,24,"Polish T-Mobile Ekstraklasa ","Poland"
110747,"Cracovia","Polish T-Mobile Ekstraklasa (1)",66,66,67,66,64,2300000,9,3,27,24.6,24.5,"Polish T-Mobile Ekstraklasa ","Poland"
110749,"Zagłębie Lubin","Polish T-Mobile Ekstraklasa (1)",66,65,64,66,65,2000000,6,3,27,25.6,24.3,"Polish T-Mobile Ekstraklasa ","Poland"
110752,"FC Botoşani","Romanian Liga I (1)",330,66,62,66,66,1700000,6,3,27,26.4,25.9,"Romanian Liga I ","Romania"
110765,"Incheon United FC","Korean K League 1 (1)",83,65,65,65,64,2300000,1,2,28,28.4,27.4,"Korean K League Classic ","South Korea"
110770,"FC Sion","Swiss Super League (1)",189,67,67,67,65,6600000,7,3,27,26.6,24.7,"Swiss Super League ","Switzerland"
110776,"Gazişehir Gaziantep F.K.","Turkish Süper Lig (1)",68,70,69,70,70,3800000,3,1,28,29.6,27.6,"Turkish Süper Lig ","Turkey"
110781,"Club León","Mexican Liga MX (1)",341,73,74,74,71,3600000,8,4,27,29,26.2,"Mexican Liga MX ","Mexico"
110815,"Politehnica Iaşi","Romanian Liga I (1)",330,64,64,64,62,1300000,5,2,27,28.4,26,"Romanian Liga I ","Romania"
110816,"CFR Cluj","Romanian Liga I (1)",330,69,68,69,69,3000000,9,5,27,29.4,28.4,"Romanian Liga I ","Romania"
110827,"Real Oviedo","Spanish Segunda División (2)",54,68,69,70,68,2000000,8,1,30,26.6,24.7,"Spanish Segunda División ","Spain"
110831,"CD Lugo","Spanish Segunda División (2)",54,68,67,68,69,1600000,5,1,29,27.8,26.2,"Spanish Segunda División ","Spain"
110832,"Granada CF","Spain Primera Division (1)",53,77,77,77,77,7600000,7,1,33,27.4,25.7,"Spain Primera Division ","Spain"
110839,"SD Huesca","Spain Primera Division (1)",53,74,72,73,74,2100000,2,1,29,28.6,26.2,"Spanish Segunda División ","Spain"
110890,"Crawley Town","English League Two (4)",61,62,58,61,63,500000,3,1,28,26.4,25.4,"English League Two ","United Kingdom"
110913,"Waasland-Beveren","Belgian Jupiler Pro League (1)",4,67,69,67,66,2900000,1,1,28,24.6,23.5,"Belgian Jupiler Pro League ","Belgium"
110929,"Kaizer Chiefs","South African Premier Division (1)",347,69,70,66,67,2200000,9,6,28,28,26.9,"South African Premier Division ","South Africa"
110930,"Orlando Pirates","South African Premier Division (1)",347,68,69,67,67,2600000,10,5,28,28.1,27.2,"South African Premier Division ","South Africa"
110955,"Shanghai Greenland Shenhua FC","Chinese Super League (1)",2012,69,72,68,66,13100000,5,3,28,29.9,29.4,"Chinese Super League ","China"
110975,"Universidad Católica","Chilian Campeonato Nacional (1)",335,71,73,73,69,8500000,10,6,30,30.4,25.1,"Chilian Campeonato Nacional ","Chile"
110980,"Colo-Colo","Chilian Campeonato Nacional (1)",335,70,69,69,69,7200000,10,5,30,28.2,26.3,"Chilian Campeonato Nacional ","Chile"
111019,"Argentinos Juniors","Argentina Primera División  (1)",353,70,68,68,71,2800000,6,5,28,27.4,24.9,"Argentina Primera División  ","Argentina"
111042,"Goiás","Campeonato Brasileiro Série A (1)",7,69,70,69,69,2900000,4,3,20,25.1,24.8,"Campeonato Brasileiro Série A ","Brazil"
111044,"Coritiba","Campeonato Brasileiro Série A (1)",7,71,70,71,71,2200000,6,3,20,24.4,25.2,"Campeonato Brasileiro Série A ","Brazil"
111052,"Fortaleza","Campeonato Brasileiro Série A (1)",7,72,72,73,73,1600000,2,1,20,25.4,25,"Campeonato Brasileiro Série A ","Brazil"
111059,"Ceará Sporting Club","Campeonato Brasileiro Série A (1)",7,72,75,71,73,1800000,2,2,20,26.6,25.6,"Campeonato Brasileiro Série A ","Brazil"
111065,"Real Salt Lake","USA Major League Soccer (1)",39,67,72,67,67,20900000,6,4,30,27.4,25.9,"USA Major League Soccer ","United States"
111086,"Piast Gliwice","Polish T-Mobile Ekstraklasa (1)",66,66,67,64,66,1800000,8,4,27,26.3,25.9,"Polish T-Mobile Ekstraklasa ","Poland"
111087,"Podbeskidzie Bielsko-Biała","Polish T-Mobile Ekstraklasa (1)",66,63,63,62,59,1200000,2,1,27,26.7,26.3,"Polish T-Mobile Ekstraklasa ","Poland"
111091,"Lechia Gdańsk","Polish T-Mobile Ekstraklasa (1)",66,66,68,64,67,2300000,6,2,26,26.1,24.5,"Polish T-Mobile Ekstraklasa ","Poland"
111099,"South Africa","International",78,71,72,70,71,0,10,4,23,29.4,28.5,"International",""
111108,"Peru","International",78,73,75,74,73,0,10,3,23,28.8,28.3,"International",""
111109,"Colombia","International",78,79,81,79,77,0,10,7,23,28.3,27.4,"International",""
111112,"Côte d'Ivoire","International",78,75,78,75,74,0,10,6,23,27.4,27,"International",""
111130,"Egypt","International",78,73,75,75,70,0,10,5,23,29.4,28,"International",""
111131,"Finn Harps","Rep. Ireland Airtricity League (1)",65,56,55,56,57,500000,2,1,25,25.6,25.1,"Rep. Ireland Airtricity League ","Ireland"
111138,"Minnesota United FC","USA Major League Soccer (1)",39,70,73,72,69,25400000,3,1,29,29.6,26.9,"USA Major League Soccer ","United States"
111139,"Montreal Impact","USA Major League Soccer (1)",39,68,70,69,66,19100000,4,4,28,26.2,24.5,"USA Major League Soccer ","United States"
111140,"Portland Timbers","USA Major League Soccer (1)",39,71,71,73,69,31600000,7,3,28,29.2,26.6,"USA Major League Soccer ","United States"
111144,"Seattle Sounders FC","USA Major League Soccer (1)",39,72,73,73,69,32500000,8,4,28,28.4,25.9,"USA Major League Soccer ","United States"
111235,"1. FC Heidenheim 1846","German 2. Bundesliga (2)",20,69,69,68,70,2000000,7,1,30,26.2,24.5,"German 2. Bundesliga ","Germany"
111239,"FC Ingolstadt 04","German 3. Bundesliga (3)",2076,66,67,66,66,4000000,10,1,28,27.2,24,"German 3. Bundesliga ","Germany"
111327,"CD Huachipato","Chilian Campeonato Nacional (1)",335,65,66,64,63,3700000,4,3,29,24.6,22.8,"Chilian Campeonato Nacional ","Chile"
111339,"Kasimpaşa SK","Turkish Süper Lig (1)",68,70,73,70,69,4099999,4,3,27,27,25.1,"Turkish Süper Lig ","Turkey"
111393,"Adelaide United","Australian Hyundai A-League (1)",351,63,63,63,64,2000000,4,3,24,26.2,23.6,"Australian Hyundai A-League ","Australia"
111395,"Brisbane Roar","Australian Hyundai A-League (1)",351,61,62,59,61,2000000,6,4,20,27.8,24.4,"Australian Hyundai A-League ","Australia"
111396,"Central Coast Mariners","Australian Hyundai A-League (1)",351,60,58,61,59,2000000,1,3,20,25,23.9,"Australian Hyundai A-League ","Australia"
111397,"Melbourne Victory","Australian Hyundai A-League (1)",351,63,61,64,63,2000000,9,5,24,28.6,23.9,"Australian Hyundai A-League ","Australia"
111398,"Newcastle Jets","Australian Hyundai A-League (1)",351,62,64,63,62,2000000,3,1,21,28.3,25,"Australian Hyundai A-League ","Australia"
111399,"Perth Glory","Australian Hyundai A-League (1)",351,64,69,64,61,2000000,5,2,19,28.6,27.3,"Australian Hyundai A-League ","Australia"
111400,"Sydney FC","Australian Hyundai A-League (1)",351,65,62,68,66,2000000,10,5,24,30.1,25.2,"Australian Hyundai A-League ","Australia"
111451,"Bolivia","International",78,66,64,66,65,0,10,1,23,28.3,26,"International",""
111455,"Canada","International",78,71,72,71,71,0,10,2,23,26.2,26.8,"International",""
111459,"Chile","International",78,76,77,77,75,0,10,7,23,30.4,28.6,"International",""
111465,"Ecuador","International",78,73,74,72,75,0,10,5,23,33.5,32.3,"International",""
111466,"India","International",78,60,62,60,60,0,10,1,23,32.4,32.4,"International",""
111473,"New Zealand","International",78,68,72,67,67,0,10,2,23,26.2,24.9,"International",""
111487,"Venezuela","International",78,73,74,73,71,0,10,2,23,26.6,26,"International",""
111560,"Royal Excel Mouscron","Belgian Jupiler Pro League (1)",4,68,71,67,67,3800000,2,1,28,25.2,23.9,"Belgian Jupiler Pro League ","Belgium"
111575,"Urawa Red Diamonds","Japanese J. League Division 1 (1)",349,67,69,66,67,10200000,9,5,27,27.7,27.3,"Japanese J. League Division 1 ","Japan"
111651,"Toronto FC","USA Major League Soccer (1)",39,70,74,71,69,31900000,7,4,29,29.6,25.5,"USA Major League Soccer ","United States"
111659,"Rodez Aveyron Football","French Ligue 2 (2)",17,65,62,65,66,2000000,2,1,28,25.1,25,"French Ligue 2 ","France"
111674,"Al Shabab","Saudi Abdul L. Jameel League (1)",350,70,72,72,66,9800000,7,4,28,27.8,26.4,"Saudi Abdul L. Jameel League ","Saudi Arabia"
111678,"Club Tijuana","Mexican Liga MX (1)",341,70,72,71,68,7200000,5,2,26,25.6,23.6,"Mexican Liga MX ","Mexico"
111701,"Al Ain FC","UAE Arabian Gulf League (1)",2013,68,74,69,65,13900000,9,6,28,25.8,26.3,"UAE Arabian Gulf League ","UAE"
111706,"Godoy Cruz","Argentina Primera División  (1)",353,68,69,67,68,5000000,4,4,28,24.9,24.2,"Argentina Primera División  ","Argentina"
111707,"Club Atlético Aldosivi","Argentina Primera División  (1)",353,67,65,65,69,500000,1,1,28,26.6,26.5,"Argentina Primera División  ","Argentina"
111708,"Atlético Tucumán","Argentina Primera División  (1)",353,69,69,68,69,2900000,6,3,25,30.4,26.6,"Argentina Primera División  ","Argentina"
111710,"Defensa y Justicia","Argentina Primera División  (1)",353,72,71,71,72,3200000,6,2,28,25.8,25,"Argentina Primera División  ","Argentina"
111710,"Defensa y Justicia","Argentina Primera División  (1)",353,72,71,71,72,3200000,6,2,28,25.8,25,"Argentina Primera División  ","Argentina"
111711,"Club Atlético Huracán","Argentina Primera División  (1)",353,67,68,66,67,4800000,7,4,28,26.3,24.3,"Argentina Primera División  ","Argentina"
111715,"Club Atlético Tigre","Argentina Primera División  (1)",353,65,63,64,63,3500000,4,3,30,27,26.8,"Argentina Primera División  ","Argentina"
111716,"Unión de Santa Fe","Argentina Primera División  (1)",353,69,71,70,68,3000000,3,1,28,26.3,24.3,"Argentina Primera División  ","Argentina"
111723,"Deportivo Pasto","Colombian Liga Postobón (1)",336,66,65,66,67,2500000,6,2,27,29.8,27.4,"Colombian Liga Postobón ","Columbia"
111724,"Shandong Luneng TaiShan FC","Chinese Super League (1)",2012,69,74,69,68,8300000,6,3,28,29.1,26.8,"Chinese Super League ","China"
111730,"Kawasaki Frontale","Japanese J. League Division 1 (1)",349,70,73,70,70,9300000,8,5,28,27.4,27.3,"Japanese J. League Division 1 ","Japan"
111768,"Beijing Sinobo Guoan FC","Chinese Super League (1)",2012,71,78,73,67,30500000,7,4,28,28.8,27.4,"Chinese Super League ","China"
111773,"Shenzhen FC","Chinese Super League (1)",2012,65,68,64,62,8199999,4,1,28,28.2,27.4,"Chinese Super League ","China"
111774,"Tianjin TEDA FC","Chinese Super League (1)",2012,65,69,61,66,6600000,4,2,28,28.1,27.8,"Chinese Super League ","China"
111779,"Henan Jianye FC","Chinese Super League (1)",2012,67,72,66,61,4800000,4,2,28,29,27.9,"Chinese Super League ","China"
111817,"Paris FC","French Ligue 2 (2)",17,67,66,67,68,5200000,7,1,30,28.3,24,"French Ligue 2 ","France"
111821,"FC Admira Wacker Mödling","Austrian Football Bundesliga (1)",80,64,62,64,63,2900000,2,1,27,24.9,24,"Austrian Football Bundesliga ","Austria"
111822,"Wolfsberger AC","Austrian Football Bundesliga (1)",80,67,67,67,65,4400000,5,4,25,24.9,24.8,"Austrian Football Bundesliga ","Austria"
111839,"Guangzhou Evergrande Taobao FC","Chinese Super League (1)",2012,71,74,70,69,22700000,10,7,28,28.4,26.8,"Chinese Super League ","China"
111928,"San Jose Earthquakes","USA Major League Soccer (1)",39,68,68,70,68,23600000,4,2,28,27.4,25.4,"USA Major League Soccer ","United States"
111974,"Sassuolo","Italian Serie A (1)",31,75,77,76,72,13500000,4,3,29,26.9,25.8,"Italian Serie A ","Italy"
112026,"Benevento","Italian Serie A (1)",31,72,73,71,72,5600000,1,1,29,28.4,27.9,"Italian Serie B ","Italy"
112072,"Mjällby AIF","Swedish Allsvenskan (1)",56,62,64,63,62,850000,1,1,24,26.1,24.9,"Swedish Allsvenskan ","Sweden"
112075,"SKN St. Pölten","Austrian Football Bundesliga (1)",80,64,64,65,64,2700000,3,1,26,23.8,23.4,"Austrian Football Bundesliga ","Austria"
112092,"Nagoya Grampus","Japanese J. League Division 1 (1)",349,68,69,68,67,8300000,5,3,28,28.1,26.4,"Japanese J. League Division 1 ","Japan"
112093,"Gamba Osaka","Japanese J. League Division 1 (1)",349,68,70,67,69,8700000,8,5,30,27.8,25.6,"Japanese J. League Division 1 ","Japan"
112096,"Ettifaq FC","Saudi Abdul L. Jameel League (1)",350,67,65,69,63,3400000,6,3,28,27.8,25.6,"Saudi Abdul L. Jameel League ","Saudi Arabia"
112115,"Gangwon FC","Korean K League 1 (1)",83,65,66,64,65,3500000,6,1,28,27.8,26.1,"Korean K League Classic ","South Korea"
112119,"Atlético Clube Goianiense","Campeonato Brasileiro Série A (1)",7,71,70,71,73,810000,2,2,20,24,24,"Campeonato Brasileiro Série A ","Brazil"
112134,"Philadelphia Union","USA Major League Soccer (1)",39,69,69,70,68,21300000,4,1,26,25.7,25.2,"USA Major League Soccer ","United States"
112139,"Al Nassr","Saudi Abdul L. Jameel League (1)",350,71,79,70,69,17200000,10,5,30,27.3,25.8,"Saudi Abdul L. Jameel League ","Saudi Arabia"
112162,"Jiangsu Suning FC","Chinese Super League (1)",2012,67,76,66,64,9300000,7,4,28,29.4,26.6,"Chinese Super League ","China"
112165,"Chongqing Dangdai Lifan FC SWM Team","Chinese Super League (1)",2012,63,66,59,59,5200000,2,1,28,28.4,27.6,"Chinese Super League ","China"
112169,"Falkenbergs FF","Swedish Allsvenskan (1)",56,62,62,62,62,550000,2,1,27,27.1,25.3,"Swedish Allsvenskan ","Sweden"
112172,"RB Leipzig","German 1. Bundesliga (1)",19,80,78,81,79,50000000,8,7,30,24.9,22.9,"German 1. Bundesliga ","Germany"
112172,"RB Leipzig","German 1. Bundesliga (1)",19,80,78,81,79,50000000,8,7,30,24.9,22.9,"German 1. Bundesliga ","Germany"
112199,"Sarpsborg 08 FF","Norwegian Eliteserien (1)",41,65,65,64,64,2200000,4,2,25,26.6,25.6,"Norwegian Eliteserien ","Norway"
112224,"Melbourne City FC","Australian Hyundai A-League (1)",351,64,67,62,65,2000000,8,3,21,26.3,24.2,"Australian Hyundai A-League ","Australia"
112254,"Newport County","English League Two (4)",61,62,61,62,62,750000,5,1,28,25.3,24.8,"English League Two ","United Kingdom"
112258,"GwangJu FC","Korean K League 1 (1)",83,64,68,63,63,1600000,2,1,28,27.2,27.4,"Korean K League Classic ","South Korea"
112259,"AFC Wimbledon","English League One (3)",60,63,62,63,63,500000,2,1,28,23.6,22,"English League One ","United Kingdom"
112260,"Fleetwood Town","English League One (3)",60,66,65,66,66,750000,6,1,28,28.6,24.8,"English League One ","United Kingdom"
112378,"Dalian YiFang FC","Chinese Super League (1)",2012,67,76,66,63,12300000,5,1,28,26.7,25.6,"Chinese Super League ","China"
112387,"Al Ahli","Saudi Abdul L. Jameel League (1)",350,70,77,71,66,14600000,9,7,30,27.4,26.6,"Saudi Abdul L. Jameel League ","Saudi Arabia"
112389,"Al Faisaly","Saudi Abdul L. Jameel League (1)",350,66,67,65,64,2200000,5,2,29,27.8,25.9,"Saudi Abdul L. Jameel League ","Saudi Arabia"
112390,"Al Fateh","Saudi Abdul L. Jameel League (1)",350,64,64,65,62,3100000,6,4,28,27.6,26.2,"Saudi Abdul L. Jameel League ","Saudi Arabia"
112392,"Al Raed","Saudi Abdul L. Jameel League (1)",350,65,66,66,65,2200000,4,2,26,27.6,26.4,"Saudi Abdul L. Jameel League ","Saudi Arabia"
112393,"Al Taawoun","Saudi Abdul L. Jameel League (1)",350,66,68,66,65,4300000,6,4,29,29.1,27.1,"Saudi Abdul L. Jameel League ","Saudi Arabia"
112408,"Al Wehda","Saudi Abdul L. Jameel League (1)",350,67,70,67,66,4400000,5,3,29,28.1,26.1,"Saudi Abdul L. Jameel League ","Saudi Arabia"
112420,"Mjøndalen IF","Norwegian Eliteserien (1)",41,63,62,63,62,1500000,1,1,27,24.9,25.6,"Norwegian Eliteserien ","Norway"
112429,"Guangzhou R&F FC","Chinese Super League (1)",2012,65,65,66,62,7600000,5,4,27,28.4,27,"Chinese Super League ","China"
112444,"Hokkaido Consadole Sapporo","Japanese J. League Division 1 (1)",349,67,67,64,67,5200000,4,1,26,27.7,27,"Japanese J. League Division 1 ","Japan"
112516,"CD Tondela","Portuguese Liga ZON SAGRES (1)",308,67,65,66,69,1800000,2,1,25,25.3,24.2,"Portuguese Liga ZON SAGRES ","Portugal"
112535,"Unión La Calera","Chilian Campeonato Nacional (1)",335,67,67,67,66,1600000,3,1,30,28.3,24.4,"Chilian Campeonato Nacional ","Chile"
112540,"Shanghai SIPG FC","Chinese Super League (1)",2012,70,75,72,65,21700000,2,5,28,28.8,26.9,"Chinese Super League ","China"
112541,"Wuhan Zall","Chinese Super League (1)",2012,67,72,65,65,4600000,1,1,28,28.8,28.6,"Chinese Super League ","China"
112606,"Orlando City SC","USA Major League Soccer (1)",39,69,66,71,66,25000000,6,5,28,26.3,25.1,"USA Major League Soccer ","United States"
112627,"FC Chambly Oise","French Ligue 2 (2)",17,64,63,64,64,1900000,1,1,30,29.2,26.7,"French Ligue 2 ","France"
112637,"Gaz Metan Mediaş","Romanian Liga I (1)",330,66,69,66,65,1300000,5,3,27,25.4,25.8,"Romanian Liga I ","Romania"
112670,"Club Atlético Talleres","Argentina Primera División  (1)",353,70,70,69,70,5200000,6,4,28,24.9,24.5,"Argentina Primera División  ","Argentina"
112678,"Atlético de San Luis","Mexican Liga MX (1)",341,69,72,67,69,5200000,2,1,27,27,25.3,"Mexican Liga MX ","Mexico"
112705,"Coquimbo Unido","Chilian Campeonato Nacional (1)",335,66,69,62,65,1500000,1,1,26,28.1,26.9,"Chilian Campeonato Nacional ","Chile"
112791,"SPAL","Italian Serie B (2)",32,71,72,69,67,4500000,8,1,28,25.3,24.5,"Italian Serie A ","Italy"
112809,"Famalicão","Portuguese Liga ZON SAGRES (1)",308,70,72,66,69,5400000,4,1,30,22.1,22,"Portuguese Liga ZON SAGRES ","Portugal"
112828,"New York City FC","USA Major League Soccer (1)",39,70,69,69,70,31300000,10,5,26,27.3,24.6,"USA Major League Soccer ","United States"
112836,"Vegalta Sendai","Japanese J. League Division 1 (1)",349,66,66,65,65,4300000,4,4,30,27.4,26.9,"Japanese J. League Division 1 ","Japan"
112847,"Astra Giurgiu","Romanian Liga I (1)",330,67,69,66,68,1500000,7,4,27,27.1,25.1,"Romanian Liga I ","Romania"
112885,"Atlanta United","USA Major League Soccer (1)",39,69,67,69,67,38300000,9,4,28,26.4,25.2,"USA Major League Soccer ","United States"
112965,"Central Córdoba","Argentina Primera División  (1)",353,67,70,68,66,2100000,1,1,28,29.3,27.9,"Argentina Primera División  ","Argentina"
112978,"Hebei China Fortune FC","Chinese Super League (1)",2012,64,65,61,64,4200000,3,1,28,26.4,26.2,"Chinese Super League ","China"
112996,"Los Angeles FC","USA Major League Soccer (1)",39,70,75,69,68,36800000,8,2,25,24.6,24.9,"USA Major League Soccer ","United States"
113057,"Al Fayha","Saudi Abdul L. Jameel League (1)",350,63,65,63,62,2500000,3,2,18,29.6,29.3,"Saudi Abdul L. Jameel League ","Saudi Arabia"
113058,"Abha Club","Saudi Abdul L. Jameel League (1)",350,65,71,66,63,1500000,1,1,27,27.9,26.6,"Saudi Abdul L. Jameel League ","Saudi Arabia"
113134,"FC Juárez","Mexican Liga MX (1)",341,69,75,69,67,2000000,3,1,30,28.9,27.1,"Mexican Liga MX ","Mexico"
113142,"Alanyaspor","Turkish Süper Lig (1)",68,71,69,72,72,3200000,2,1,23,29,26.8,"Turkish Süper Lig ","Turkey"
113149,"FC Cincinnati","USA Major League Soccer (1)",39,68,66,68,66,24300000,1,1,28,27.1,25.8,"USA Major League Soccer ","United States"
113157,"Sanfrecce Hiroshima","Japanese J. League Division 1 (1)",349,68,69,67,69,8000000,7,5,27,28.3,26.9,"Japanese J. League Division 1 ","Japan"
113160,"Sagan Tosu","Japanese J. League Division 1 (1)",349,64,63,64,64,4099999,2,1,30,25.1,26.5,"Japanese J. League Division 1 ","Japan"
113173,"Östersunds FK","Swedish Allsvenskan (1)",56,63,62,63,62,1700000,6,2,26,24.1,23.7,"Swedish Allsvenskan ","Sweden"
113180,"FC Viitorul","Romanian Liga I (1)",330,67,67,66,67,2300000,8,4,27,24.1,24.3,"Romanian Liga I ","Romania"
113182,"FC Voluntari","Romanian Liga I (1)",330,64,65,62,64,1000000,3,3,27,27.3,25.1,"Romanian Liga I ","Romania"
113183,"Oita Trinita","Japanese J. League Division 1 (1)",349,67,66,67,68,4099999,3,1,30,27.9,26.7,"Japanese J. League Division 1 ","Japan"
113217,"Damac FC","Saudi Abdul L. Jameel League (1)",350,64,63,64,65,1700000,1,1,30,28.9,26.3,"Saudi Abdul L. Jameel League ","Saudi Arabia"
113222,"Al Hazem","Saudi Abdul L. Jameel League (1)",350,63,65,62,61,1600000,2,1,19,28.7,27.7,"Saudi Abdul L. Jameel League ","Saudi Arabia"
113259,"Yeni Malatyaspor","Turkish Süper Lig (1)",68,71,71,70,70,3400000,2,1,30,25.3,26.6,"Turkish Süper Lig ","Turkey"
113345,"Al Adalah","Saudi Abdul L. Jameel League (1)",350,61,62,62,61,1200000,1,1,19,28.3,28.4,"Saudi Abdul L. Jameel League ","Saudi Arabia"
113378,"Sepsi OSK","Romanian Liga I (1)",330,65,62,65,66,1500000,5,2,27,27,25.7,"Romanian Liga I ","Romania"
113387,"Chindia Târgovişte","Romanian Liga I (1)",330,63,63,62,63,808000,2,1,26,24,24.4,"Romanian Liga I ","Romania"
113391,"Academica Clinceni","Romanian Liga I (1)",330,64,65,64,63,507000,1,1,27,28,25.3,"Romanian Liga I ","Romania"
113458,"IK Sirius","Swedish Allsvenskan (1)",56,65,66,64,64,600000,3,1,27,25.4,24.4,"Swedish Allsvenskan ","Sweden"
113459,"Kristiansund BK","Norwegian Eliteserien (1)",41,65,61,65,65,750000,4,1,24,25.9,25.8,"Norwegian Eliteserien ","Norway"
113926,"Salford City","English League Two (4)",61,64,65,63,64,1500000,8,1,28,26.2,25,"English League Two ","United Kingdom"
114023,"Western United FC","Australian Hyundai A-League (1)",351,65,67,68,61,2000000,1,1,23,30.4,25.7,"Australian Hyundai A-League ","Australia"
114147,"FC Hermannstadt","Romanian Liga I (1)",330,65,59,65,63,1100000,3,1,27,28.6,26.6,"Romanian Liga I ","Romania"
114326,"Raków Częstochowa","Polish T-Mobile Ekstraklasa (1)",66,66,67,66,65,1500000,4,2,26,25.6,24.5,"Polish T-Mobile Ekstraklasa ","Poland"
